id_noticia,titulo,url,medio,idioma,fecha_publicacion,fecha_deteccion,fecha_extraccion,tema,origen,alcance_texto,palabras_clave,seccion,pais_medio,recirculada,fecha_original
N-fe5ca57b21e3,"Líderes 360: Pedro Heilbron, el hombre que vio despegar a Copa y convertirse en el Hub de las Américas",https://www.tvn-2.com/lideres-360/lideres-360-pedro-heilbron-despegar-copa-airlines-hub-de-las-americas_1_2249044.html,TVN,es,2026-07-03T12:00:47Z,2026-10-08T18:41:07Z,2026-10-08T18:41:07Z,,tvn_rss,titular_y_metadatos,"Líderes 360,Copa Airlines,empresarios,Hub de las Américas",lideres-360,,true,2026-07-03T12:00:47Z
N-fac249feff29,¡Noche de diva! Ale Merod gana el octavo show de Tu Cara Me Suena como Jennifer Lopez,https://www.tvn-2.com/tu-cara-me-suena/curiosidades/conciertos-en-panama-show-musica-tvn-megas_1_2264903.html,TVN,es,2026-10-07T23:48:04Z,2026-10-08T18:41:07Z,2026-10-08T18:41:07Z,,tvn_rss,titular_y_metadatos,"Estreno,Musica,Show TVN,Conciertos en Panamá,Tu cara me suena",tu-cara-me-suena,,false,2026-10-07T23:48:04Z
N-f2add6a174cc,TVN Media y Universidad Latina firman convenio para fortalecer formación de estudiantes,https://www.tvn-2.com/nacionales/tvn-media-firma-convenio-universidad-latina-fortalecer-formacion-estudiantes_1_2242290.html,TVN,es,2026-05-23T02:30:00Z,2026-10-08T18:41:07Z,2026-10-08T18:41:07Z,,tvn_rss,titular_y_metadatos,"TVN Media,universidad,estudiantes universitarios,Convenio",nacionales,,true,2026-05-23T02:30:00Z
N-f23f1c84fd57,Muere hija de Paquita la del Barrio a poco más de un año de la partida de la cantante,https://www.tvn-2.com/entretenimiento/muere-hija-paquita-barrio-martha-elena-martinez-viveros-mexico_1_2264892.html,TVN,es,2026-10-07T23:12:33Z,2026-10-08T18:41:07Z,2026-10-08T18:41:07Z,,tvn_rss,titular_y_metadatos,"Paquita la del Barrio,fallecimiento,Entretenimiento",entretenimiento,,false,2026-10-07T23:12:33Z
N-efdea8719999,"TVN Media se consolida en primer lugar como medio de comunicación con mejor reputación en Panamá, según Merco 2025",https://www.tvn-2.com/nacionales/tvn-media-nuevamente-consolida-empresas-mejor-reputacion_1_2211002.html,TVN,es,2025-10-17T02:44:03Z,2026-10-08T18:41:07Z,2026-10-08T18:41:07Z,,tvn_rss,titular_y_metadatos,"TVN Media,Medios de comunicación,empresas",nacionales,,true,2025-10-17T02:44:03Z
N-ee823aa78d11,Sech dedica emotivo mensaje a Messi tras su despedida de la selección argentina,https://www.tvn-2.com/entretenimiento/sech-dedica-emotivo-mensaje-messi_1_2264780.html,TVN,es,2026-10-07T16:17:36Z,2026-10-08T18:41:07Z,2026-10-08T18:41:07Z,,tvn_rss,titular_y_metadatos,"Sech,messi,Lionel Messi,Argentina",entretenimiento,,false,2026-10-07T16:17:36Z
N-ec1242c41667,Relevo por la Vida de Fanlyc: 24 horas de esfuerzo y esperanza en la Cinta Costera 3,https://www.tvn-2.com/nacionales/relevo-vida-fanlyc-24-horas-esfuerzo-esperanza-cinta-costera-tres-cancer_1_2259489.html,TVN,es,2026-09-06T00:09:00Z,2026-10-08T18:41:07Z,2026-10-08T18:41:07Z,,tvn_rss,titular_y_metadatos,"fanlyc,carrera,cáncer",nacionales,,true,2026-09-06T00:09:00Z
N-e99913393519,TVN Media firma convenio como medio oficial del Concurso Nacional de Oratoria 2025,https://www.tvn-2.com/nacionales/tvn-media-firma-convenio-concurso-nacional-de-oratoria_1_2212606.html,TVN,es,2025-10-28T02:00:44Z,2026-10-08T18:41:07Z,2026-10-08T18:41:07Z,,tvn_rss,titular_y_metadatos,"TVN Media,Convenio,Ministerio de Educación,Concurso Nacional de Oratoria",nacionales,,true,2025-10-28T02:00:44Z
N-e8b1d3b74e5f,TVN Media firma alianza estratégica con Apede para la Conferencia Anual de Ejecutivos,https://www.tvn-2.com/nacionales/tvn-media-alianza-estrategica-apede-conferencia-anual-de-ejecutivos-2025_1_2182741.html,TVN,es,2025-03-26T19:17:03Z,2026-10-08T18:41:07Z,2026-10-08T18:41:07Z,,tvn_rss,titular_y_metadatos,"TVN Media,Giulia De Sanctis,Apede,CADE",nacionales,,true,2025-03-26T19:17:03Z
N-e7673d45b48a,Lau Cortés: Ordenan detención domiciliaria e imputan cargos por enriquecimiento injustificado y blanqueo de capitales,https://www.tvn-2.com/nacionales/judicial/enrique-lau-cortes-ordenan-detencion-domiciliaria-imputan-cargos_1_2264768.html,TVN,es,2026-10-08T02:30:00Z,2026-10-08T18:41:07Z,2026-10-08T18:41:07Z,,tvn_rss,titular_y_metadatos,"Enrique Lau Cortés,Caja de Seguro Social (CSS),enriquecimiento injustificado",nacionales,,false,2026-10-08T02:30:00Z
N-e729fd30836b,TVN Media y Quality Leadership University firman alianza estratégica,https://www.tvn-2.com/nacionales/tvn-media-quality-leadership-university-acuerdo-educacion-desarrollo_1_2198338.html,TVN,es,2025-07-16T20:00:00Z,2026-10-08T18:41:07Z,2026-10-08T18:41:07Z,,tvn_rss,titular_y_metadatos,"TVN Media,universidades,acuerdo,educación",nacionales,,true,2025-07-16T20:00:00Z
N-e2e7ae51395c,ITSE se suma a iniciativa para proyectar el café panameño y formar baristas,https://www.tvn-2.com/nacionales/educacion/itse-suma-iniciativa-proyectar-cafe-formar-baristas_1_2264874.html,TVN,es,2026-10-07T22:55:56Z,2026-10-08T18:41:07Z,2026-10-08T18:41:07Z,,tvn_rss,titular_y_metadatos,"educación,barista,Instituto Técnico Superior Especializado (ITSE)",nacionales,,false,2026-10-07T22:55:56Z
N-e29de4c68577,La Corte Penal Internacional avala juicio contra Duterte por la guerra contra las drogas,https://www.tvn-2.com/mundo/europa/corte-penal-internacional-avala-juicio_1_2265034.html,TVN,es,2026-10-08T18:30:45Z,2026-10-08T18:41:07Z,2026-10-08T18:41:07Z,,tvn_rss,titular_y_metadatos,"Filipinas,Expresidente,Crimen",mundo,,false,2026-10-08T18:30:45Z
N-dff7b1007273,"Muere Piero, la voz de 'Mi viejo', a los 81 años",https://www.tvn-2.com/entretenimiento/muere-piero-mi-viejo-cantautor-argentina-italia-musica_1_2264850.html,TVN,es,2026-10-07T21:32:24Z,2026-10-08T18:41:07Z,2026-10-08T18:41:07Z,,tvn_rss,titular_y_metadatos,"Cantante,Argentina,fallecimiento,Italia,Musica",entretenimiento,,false,2026-10-07T21:32:24Z
N-de13cc85a415,"Clima en Panamá: Imhpa advierte de aguaceros fuertes, tormentas eléctricas y posibles crecidas de ríos en provincias del interior",https://www.tvn-2.com/nacionales/clima-panama-aguaceros-fuertes-tormentas-crecidas-rios-aviso-de-lluvias_1_2264963.html,TVN,es,2026-10-08T11:19:33Z,2026-10-08T18:41:07Z,2026-10-08T18:41:07Z,,tvn_rss,titular_y_metadatos,"Instituto de Meteorología e Hidrología,clima en Panamá,lluvias",nacionales,,false,2026-10-08T11:19:33Z
N-dd32c6a3ff45,TVN Media recibe reconocimiento por su compromiso ambiental en el programa 'Reduce Tu Huella',https://www.tvn-2.com/nacionales/tvn-media-recibe-reconocimiento-compromiso-ambiental-reduce-tu-huella_1_2200815.html,TVN,es,2025-08-05T19:11:19Z,2026-10-08T18:41:07Z,2026-10-08T18:41:07Z,,tvn_rss,titular_y_metadatos,"Ministerio de Ambiente,TVN Media,Medio Ambiente",nacionales,,true,2025-08-05T19:11:19Z
N-d9f58555ddfc,TVN Media y Sumarse firman convenio para promover la Semana de la Responsabilidad Empresarial,https://www.tvn-2.com/nacionales/tvnmedia-sumarse-firman-convenio_1_2201601.html,TVN,es,2025-08-11T19:19:00Z,2026-10-08T18:41:07Z,2026-10-08T18:41:07Z,,tvn_rss,titular_y_metadatos,"Sumarse,Convenio,empresarios,TVN",nacionales,,true,2025-08-11T19:19:00Z
N-d97d2a501369,Reportaje de Mundo Verde de TVN gana premio del Concurso Nacional de Periodismo Científico,https://www.tvn-2.com/nacionales/mundo-verde-reportaje-tvn-gana-premio-nacional-periodismo-cientifico-senacyt_1_2157388.html,TVN,es,2024-09-20T18:19:27Z,2026-10-08T18:41:07Z,2026-10-08T18:41:07Z,,tvn_rss,titular_y_metadatos,"Senacyt,ciencias,Premios,mundo verde,TVN Media",nacionales,,true,2024-09-20T18:19:27Z
N-d68bca7e17ce,TVN Media regala alegría a niños de Loma Brígida en La Chorrera por Día de Reyes,https://www.tvn-2.com/nacionales/tvn-media-loma-brigida-la-chorrera-dia-de-reyes_1_2171661.html,TVN,es,2025-01-06T19:11:01Z,2026-10-08T18:41:07Z,2026-10-08T18:41:07Z,,tvn_rss,titular_y_metadatos,"Día de reyes,la chorrera,TVN Media",nacionales,,true,2025-01-06T19:11:01Z
N-cfe900fe541d,Multitudinario desfile de carretas en Guararé; TVN Media se tomó el Festival de la Mejorana,https://www.tvn-2.com/nacionales/multitudinario-desfile-carretas-guarare-tvn-media-hecho-en-panama-festival-nacional-de-la-mejorana_1_2208163.html,TVN,es,2025-09-28T23:00:00Z,2026-10-08T18:41:07Z,2026-10-08T18:41:07Z,,tvn_rss,titular_y_metadatos,"Guararé,Festival Nacional de la Mejorana,Provincia de Los Santos",nacionales,,true,2025-09-28T23:00:00Z
N-cd02065a8989,Karol Wilson convierte en realidad su primer concierto del año,https://www.tvn-2.com/entretenimiento/karol-wilson-brilla-primer-concierto-operacion-triunfo-usa_1_2264995.html,TVN,es,2026-10-08T15:41:59Z,2026-10-08T18:41:07Z,2026-10-08T18:41:07Z,,tvn_rss,titular_y_metadatos,"Karol Wilson,concierto,Operación Triunfo USA",entretenimiento,,false,2026-10-08T15:41:59Z
N-c9c0832cfa23,TVN Media y Fundamorgan firman alianza para sensibilizar sobre la problemáticas sociales como la violencia,https://www.tvn-2.com/nacionales/tvn-media-fundamorgan-firman-alianza_1_2238967.html,TVN,es,2026-05-01T01:19:41Z,2026-10-08T18:41:07Z,2026-10-08T18:41:07Z,,tvn_rss,titular_y_metadatos,"Fundación,Alianza,Violencia doméstica,TVN Media",nacionales,,true,2026-05-01T01:19:41Z
N-c939ac48caf9,MLB Yankees vs Rays | ¿qué pasó con el fanático que anuló el cuadrangular de Anthony Volpe?,https://www.tvn-2.com/tvmax/beisbol/mlb/mlb-noticias-yankees-anthony-volpe-cuadrangular-fanatico-beisbol-grandes-ligas_1_2264991.html,TVN,es,2026-10-08T15:22:13Z,2026-10-08T18:41:07Z,2026-10-08T18:41:07Z,,tvn_rss,titular_y_metadatos,"mlb,New York Yankees,Rays de Tampa Bay",tvmax,,false,2026-10-08T15:22:13Z
N-c6c172b21834,TVN Media comparte su experiencia de transformación digital en cumbre WISS LATAM,https://www.tvn-2.com/nacionales/tvn-media-comparte-experiencia-transformacion-cumbre-wiss-latam_1_2257996.html,TVN,es,2026-08-27T21:49:51Z,2026-10-08T18:41:07Z,2026-10-08T18:41:07Z,,tvn_rss,titular_y_metadatos,"TVN Media,Innovación,mujeres,Liderazgo",nacionales,,true,2026-08-27T21:49:51Z
N-c589902b41d5,CEO Women Summit 2026: TVN Media destaca la importancia de abrir espacios para el liderazgo femenino,https://www.tvn-2.com/nacionales/tvn-media-ceo-women-summit-potenciar-crecimiento-profesional-mujeres_1_2250211.html,TVN,es,2026-07-09T18:24:38Z,2026-10-08T18:41:07Z,2026-10-08T18:41:07Z,,tvn_rss,titular_y_metadatos,"Liderazgo,Mujeres en Panamá,empresas",nacionales,,true,2026-07-09T18:24:38Z
N-c4f715516942,BYD y Cofiño presentan oficialmente el nuevo TI 7 en Panamá,https://www.tvn-2.com/economia/empresas/publirreportajes/byd-cofino-presentan-oficialmente-nuevo_1_2256978.html,TVN,es,2026-08-25T15:28:18Z,2026-10-08T18:41:07Z,2026-10-08T18:41:07Z,,tvn_rss,titular_y_metadatos,"lanzamiento,auto,nuevos",economia,,true,2026-08-25T15:28:18Z
N-c43ac23160ea,TVN Media y el Teatro Nacional sellan alianza para promover la cultura panameña,https://www.tvn-2.com/nacionales/tvn-media-teatro-nacional-sellan-alianza-firma-convenio-cultura_1_2247507.html,TVN,es,2026-06-23T15:06:20Z,2026-10-08T18:41:07Z,2026-10-08T18:41:07Z,,tvn_rss,titular_y_metadatos,"TVN Media,Teatro Nacional,Cultura en Panamá",nacionales,,true,2026-06-23T15:06:20Z
N-c4339fd4cfad,"Descuentos para jubilados: Proyecto modificado plantea 30% menos en compra de pañales, telefonía y otros beneficios",https://www.tvn-2.com/nacionales/proyecto-descuentos-jubilados-plantea-beneficios-compra-panales-internet_1_2264973.html,TVN,es,2026-10-08T12:56:47Z,2026-10-08T18:41:07Z,2026-10-08T18:41:07Z,,tvn_rss,titular_y_metadatos,"Jubilados y pensionados,proyectos de ley,Asamblea Nacional,descuentos",nacionales,,false,2026-10-08T12:56:47Z
N-c18389695681,Pacífica Salud reafirma su compromiso con la calidad y seguridad del paciente con nuevas acreditaciones de Joint Commission International,https://www.tvn-2.com/economia/empresas/publirreportajes/pacifica-salud-reafirma-compromiso-calidad_1_2256763.html,TVN,es,2026-08-21T15:00:37Z,2026-10-08T18:41:07Z,2026-10-08T18:41:07Z,,tvn_rss,titular_y_metadatos,"hospitales,Salud,Vida saludable",economia,,true,2026-08-21T15:00:37Z
N-bf599988a47d,"TVN Media presenta su Informe de Sostenibilidad bajo los principios de Ambiente, Sociedad y Gobernanza",https://www.tvn-2.com/nacionales/tvn-media-presenta-informe-sostenibilidad_1_2199363.html,TVN,es,2025-08-06T12:00:00Z,2026-10-08T18:41:07Z,2026-10-08T18:41:07Z,,tvn_rss,titular_y_metadatos,"TVN Media,sostenibilidad,TVN Panamá",nacionales,,true,2025-08-06T12:00:00Z
N-be5e2cba8c68,"TVN Media, UNICEF y el Despacho de la Primera Dama se unen para promover la campaña 'Crianza amorosa, raíces fuertes'",https://www.tvn-2.com/nacionales/tvn-media-unicef-despacho-primera-crianza-amoroza-raices-fuertes_1_2183004.html,TVN,es,2025-03-28T01:00:00Z,2026-10-08T18:41:07Z,2026-10-08T18:41:07Z,,tvn_rss,titular_y_metadatos,"TVN Media,Despacho de la Primera Dama,Unicef",nacionales,,true,2025-03-28T01:00:00Z
N-bd08bf079f36,TVN Media oficializa su patrocinio de la Feria Internacional del Libro de Panamá,https://www.tvn-2.com/gente-tvn/tvn-media-oficializa-patrocinio-feria_1_2250436.html,TVN,es,2026-07-10T20:03:53Z,2026-10-08T18:41:07Z,2026-10-08T18:41:07Z,,tvn_rss,titular_y_metadatos,"feria de libro,Cultura,Eventos en Panamá,escritores,escritoras",gente-tvn,,true,2026-07-10T20:03:53Z
N-bc0c4a46f2c5,¿Subirán las cuotas de préstamos? Economista explica el impacto de las tasas de interés en la economía panameña,https://www.tvn-2.com/nacionales/cuotas-prestamos-economista-explica-impacto-tasas-interes_1_2264980.html,TVN,es,2026-10-08T13:23:50Z,2026-10-08T18:41:07Z,2026-10-08T18:41:07Z,,tvn_rss,titular_y_metadatos,"economía Panamá,tasas de interés,inflación,Préstamos",nacionales,,false,2026-10-08T13:23:50Z
N-b9f54d3faf01,"TVN Media reafirma su alianza con firma para el Panamá Jazz Festival 2025, dedicado a Princess Orelia Benskia",https://www.tvn-2.com/nacionales/tvn-media-firma-alianza-panama-jazz-festival-princess-orelia-benskia_1_2171990.html,TVN,es,2025-01-08T21:35:17Z,2026-10-08T18:41:07Z,2026-10-08T18:41:07Z,,tvn_rss,titular_y_metadatos,"Panama Jazz Festival,Musica,Danilo Pérez,TVN Media",nacionales,,true,2025-01-08T21:35:17Z
N-b8c36c576356,"TVN Media dice presente en la Teletón 20-30 con una donación de 100,000 dólares",https://www.tvn-2.com/nacionales/tvn-media-dice-presente-teleton-100-mil-dolares_1_2218658.html,TVN,es,2025-12-14T00:09:23Z,2026-10-08T18:41:07Z,2026-10-08T18:41:07Z,,tvn_rss,titular_y_metadatos,"teletón,Teletón 20-30,TVN Media",nacionales,,true,2024-12-15T23:17:28Z
N-b6c1a4aaab64,"Escuela de San Miguelito gana competencia intercolegial de reciclaje ‘Gente TVN Media’ con 1,445 libras recolectadas",https://www.tvn-2.com/nacionales/escuela-gana-competencia-intercolegial-gente-tvn-media-reciclaje_1_2195259.html,TVN,es,2025-06-24T02:31:01Z,2026-10-08T18:41:07Z,2026-10-08T18:41:07Z,,tvn_rss,titular_y_metadatos,"TVN Media,Medio Ambiente,reciclaje,estudiantes",nacionales,,true,2025-06-24T02:31:01Z
N-b3db09038ea0,Gianmatteo Rousseau | Piloto panameño que triunfa en el extranjero,https://www.tvn-2.com/tvmax/mas-deportes/gianmatteo-rousseau-piloto-panameno-automovilismo_8_2264805.html,TVN,es,2026-10-07T17:55:56Z,2026-10-08T18:41:07Z,2026-10-08T18:41:07Z,,tvn_rss,titular_y_metadatos,"Gianmatteo Rousseau,piloto,automovilismo",tvmax,,false,2026-10-07T17:55:56Z
N-b18f023342f1,TVN Media avanza en Merco Talento Panamá 2026 y reafirma su liderazgo como número uno en el sector de medios de comunicación,https://www.tvn-2.com/nacionales/tvn-media-avanza-merco-talento_1_2250207.html,TVN,es,2026-07-09T17:36:21Z,2026-10-08T18:41:07Z,2026-10-08T18:41:07Z,,tvn_rss,titular_y_metadatos,"talento,Premios,Medios de comunicación",nacionales,,true,2026-07-09T17:36:21Z
N-acc0591b9308,Toña Is apunta a afianzar conceptos con Panamá antes de los amistosos ante Nueva Zelanda,https://www.tvn-2.com/tvmax/somos-la-sele/seleccion-de-panama-futbol-femenino-tona-is-nueva-zelanda-partidos-amistosos_1_2265039.html,TVN,es,2026-10-08T18:33:46Z,2026-10-08T18:41:07Z,2026-10-08T18:41:07Z,,tvn_rss,titular_y_metadatos,"Selección femenina de Panamá,Fútbol femenino,Toña Is",tvmax,,false,2026-10-08T18:33:46Z
N-aa95e2b01c90,TVN Media reafirma alianza con la Teletón 20-30,https://www.tvn-2.com/nacionales/tvn-media-reafirma-alianza-teleton-20-30_1_2214825.html,TVN,es,2025-11-13T21:11:59Z,2026-10-08T18:41:07Z,2026-10-08T18:41:07Z,,tvn_rss,titular_y_metadatos,"Teletón 20-30,TVN Media,Proyectos,Panamá",nacionales,,true,2024-10-31T20:32:52Z
N-a711c284e458,"Líderes 360: Pedro Heilbron plantea una hoja de ruta para Panamá; turismo sostenible, eficiencia y un país transparente",https://www.tvn-2.com/lideres-360/lideres-360-pedro-heilbron-panama-turismo-eficiencia-transparencia_1_2249216.html,TVN,es,2026-07-05T13:00:06Z,2026-10-08T18:41:07Z,2026-10-08T18:41:07Z,,tvn_rss,titular_y_metadatos,"Líderes 360,Copa Airlines,turismo,Crecimiento económico",lideres-360,,true,2026-07-05T13:00:06Z
N-a4f58213429a,TVN Media y Fundación Relaciones Sanas firman convenio para impulsar la educación y sensibilización sobre salud mental,https://www.tvn-2.com/gente-tvn/tvn-media-fundacion-relaciones-sanas_1_2246715.html,TVN,es,2026-06-18T17:10:05Z,2026-10-08T18:41:07Z,2026-10-08T18:41:07Z,,tvn_rss,titular_y_metadatos,"Fundación,Salud Mental,Jovenes,gente tvn",gente-tvn,,true,2026-06-18T17:10:05Z
N-a33bda96af12,Exfuncionarios de alto perfil investigados: estos son los casos y su situación judicial,https://www.tvn-2.com/nacionales/judicial/exfuncionarios-alto-perfil-investigados-judicial-cortizo_1_2264771.html,TVN,es,2026-10-07T15:26:00Z,2026-10-08T18:41:07Z,2026-10-08T18:41:07Z,,tvn_rss,titular_y_metadatos,"José Gabriel Carrizo,Bernardo Meneses,Enrique Lau Cortés,enriquecimiento injustificado,Investigaciones",nacionales,,false,2026-10-07T15:26:00Z
N-a2b38044e854,Contenido Exclusivo: Turismo en transporte público,https://www.tvn-2.com/contenido-exclusivo/contenido-exclusivo-turismo-transporte-publico_1_2263290.html,TVN,es,2026-09-29T01:23:06Z,2026-10-08T18:41:07Z,2026-10-08T18:41:07Z,,tvn_rss,titular_y_metadatos,"transporte público,turismo,Panamá,metro de Panamá",contenido-exclusivo,,true,2026-09-29T01:23:06Z
N-a1f19e911ec8,TVN Media refuerza su compromiso social con jornada de voluntariado en el Banco de Alimentos,https://www.tvn-2.com/nacionales/tvn-media-refuerza-compromiso-social_1_2217708.html,TVN,es,2025-12-06T01:42:12Z,2026-10-08T18:41:07Z,2026-10-08T18:41:07Z,,tvn_rss,titular_y_metadatos,"TVN Media,Día Internacional del Voluntario,Banco de Alimentos Panamá",nacionales,,true,2025-12-06T01:42:12Z
N-a131a880e21e,Rubén Blades despide a Piero y recuerda el consejo que marcó su carrera,https://www.tvn-2.com/entretenimiento/ruben-blades-despide-piero-recuerda-consejo-musica_1_2264985.html,TVN,es,2026-10-08T14:05:46Z,2026-10-08T18:41:07Z,2026-10-08T18:41:07Z,,tvn_rss,titular_y_metadatos,"Rubén Blades,fallecimiento,Musica,Argentina",entretenimiento,,false,2026-10-08T14:05:46Z
N-a011fc57a235,TVN Media y Senacyt firman alianza para promover la ciencia en Panamá,https://www.tvn-2.com/nacionales/tvn-media-senacyt-firman-alianza_1_2208344.html,TVN,es,2025-09-30T01:06:16Z,2026-10-08T18:41:07Z,2026-10-08T18:41:07Z,,tvn_rss,titular_y_metadatos,"Senacyt,Ciencia,TVN Media,acuerdo,Ciencia y tecnología",nacionales,,true,2025-09-30T01:06:16Z
N-9f50ee47e8e7,TVN celebra 63 años,https://www.tvn-2.com/videos/noticias/video-ext-tvn-celebra-63-anos_7_2186633.html,TVN,es,2025-04-24T01:21:16Z,2026-10-08T18:41:07Z,2026-10-08T18:41:07Z,,tvn_rss,titular_y_metadatos,TVN Media,videos,,true,2025-04-24T01:21:16Z
N-9f0fdecbb73b,TVN Media nombra gerente de Información Digital para  continuar posicionando el liderazgo en noticias desde sus plataformas digitales,https://www.tvn-2.com/nacionales/tvn-media-nombra-gerente-informacion-digital-magda-maxwell_1_2186722.html,TVN,es,2025-04-24T17:25:48Z,2026-10-08T18:41:07Z,2026-10-08T18:41:07Z,,tvn_rss,titular_y_metadatos,"TVN Media,Medios de comunicación,Medios",nacionales,,true,2025-04-24T17:25:48Z
N-9d1e48338daa,Documental Panamá Reseñas de Nuestra Identidad llega al cine,https://www.tvn-2.com/nacionales/documental-panama-llega-pantalla-grande-cine-tvn-media_1_2212034.html,TVN,es,2025-10-23T21:33:32Z,2026-10-08T18:41:07Z,2026-10-08T18:41:07Z,,tvn_rss,titular_y_metadatos,"Documental Panamá,TVN Media,Cultura,Panamá",nacionales,,true,2025-10-23T21:33:32Z
N-9c2eaed9bff9,Michael Douglas revela lo que hizo para ser monógamo con Catherine Zeta-Jones,https://www.tvn-2.com/entretenimiento/cine-y-tv/michael-douglas-revela-hizo-monogamo-catherine-zeta-jones_1_2264739.html,TVN,es,2026-10-07T17:35:32Z,2026-10-08T18:41:07Z,2026-10-08T18:41:07Z,,tvn_rss,titular_y_metadatos,"Michael Douglas,actrices,Hollywood,Cine",entretenimiento,,false,2026-10-07T17:35:32Z
N-9c06822f33bc,"Héroes por Panamá culminan su diplomado en Servicio, Liderazgo y Transformación Social",https://www.tvn-2.com/nacionales/heroes-por-panama-culminan-diplomado-servicio-liderazgo-transformacion_1_2212969.html,TVN,es,2025-10-30T00:42:53Z,2026-10-08T18:41:07Z,2026-10-08T18:41:07Z,,tvn_rss,titular_y_metadatos,"TVN Media,educación,Héroes por Panamá,USMA",nacionales,,true,2025-10-30T00:42:53Z
N-9a34c2503311,TVN Noticias gana dos categorías del premio de Periodismo sobre Niñez y Adolescencia 2025,https://www.tvn-2.com/nacionales/periodista-claudya-carolina-morales-yenny-caballero-periodismo-sobre-ninez-y-adolescencia-ganador_1_2218367.html,TVN,es,2025-12-11T19:12:00Z,2026-10-08T18:41:07Z,2026-10-08T18:41:07Z,,tvn_rss,titular_y_metadatos,"Unicef,premio,Periodismo,Embarazos en adolecentes",nacionales,,true,2025-12-11T19:12:00Z
N-95d8fe191731,LPF | El Football Video Support está cada vez más cerca de nuestra liga,https://www.tvn-2.com/tvmax/lpf/liga-panamena-de-futbol-football-video-support-arbitros-fedaracion-panamena_1_2264851.html,TVN,es,2026-10-07T21:23:45Z,2026-10-08T18:41:07Z,2026-10-08T18:41:07Z,,tvn_rss,titular_y_metadatos,"liga panameña de futbol,Federación Panameña de Fútbol,arbitros",tvmax,,false,2026-10-07T21:23:45Z
N-943fc20171bf,TVN Radio y TVMAX dan el 'Kick-Off' al Carnaval con una lluvia de regalos en vía Centenario,https://www.tvn-2.com/nacionales/tvn-radio-tvmax-dan-kick-carnaval_1_2227551.html,TVN,es,2026-02-13T23:13:59Z,2026-10-08T18:41:07Z,2026-10-08T18:41:07Z,,tvn_rss,titular_y_metadatos,"Carnaval,TVMAX Deportes,TVN Radio",nacionales,,true,2026-02-13T23:13:59Z
N-923371f62c36,El especial regalo de Benín para Lionel Messi y el simbólico encargo para Antonela Roccuzzo,https://www.tvn-2.com/tvmax/futbol-internacional/lionel-messi-argentina-vs-benin-antonela-roccuzzo-futbol-homenaje_1_2265012.html,TVN,es,2026-10-08T17:34:06Z,2026-10-08T18:41:07Z,2026-10-08T18:41:07Z,,tvn_rss,titular_y_metadatos,"Lionel Messi,Selección de Argentina,Benín",tvmax,,false,2026-10-08T17:34:06Z
N-9177616cde9b,TVN Media se une al Día de las Buenas Acciones con jornada solidaria en el Instituto Oncológico Nacional,https://www.tvn-2.com/nacionales/tvn-media-une-dias-de-las-buenas-acciones-instituto-oncologico_1_2184947.html,TVN,es,2025-04-11T02:08:16Z,2026-10-08T18:41:07Z,2026-10-08T18:41:07Z,,tvn_rss,titular_y_metadatos,"Voluntariado,TVN Media,Damas voluntarias,Instituto Oncológico Nacional",nacionales,,true,2025-04-11T02:08:16Z
N-90f14cebbfb4,Periodistas de TVN Noticias son galardonados por el Fórum de Periodistas,https://www.tvn-2.com/nacionales/periodistas-tvn-noticias-premios-forum-de-periodistas_1_2189759.html,TVN,es,2025-05-16T03:01:48Z,2026-10-08T18:41:07Z,2026-10-08T18:41:07Z,,tvn_rss,titular_y_metadatos,"Forum de periodistas,Premios,Periodistas",nacionales,,true,2025-05-16T03:01:48Z
N-8f1666394512,TVN Media presentó el documental que revela la experiencia de las escuelas que lideraron el reciclaje en Panamá,https://www.tvn-2.com/nacionales/tvn-media-presenta-documental-competencia-intercolegial-reciclaje_1_2202782.html,TVN,es,2025-08-20T22:00:00Z,2026-10-08T18:41:07Z,2026-10-08T18:41:07Z,,tvn_rss,titular_y_metadatos,"TVN Media,reciclaje,Escuelas,competencia",nacionales,,true,2025-08-20T22:00:00Z
N-8cf43fdcc543,Conape reconoce la trayectoria de periodistas de TVN Media,https://www.tvn-2.com/nacionales/conape-reconoce-trayectoria-periodistas-tvn-media_1_2215048.html,TVN,es,2025-11-15T01:39:04Z,2026-10-08T18:41:07Z,2026-10-08T18:41:07Z,,tvn_rss,titular_y_metadatos,"conape,Periodistas,colegio de periodista",nacionales,,true,2025-11-15T01:39:04Z
N-8cc7e97416a1,Jefe del Pentágono visita portaviones a su regreso de Irán tras denuncias de intentos de suicidio,https://www.tvn-2.com/mundo/jefe-pentagono-visita-portaviones-regreso_1_2264889.html,TVN,es,2026-10-07T22:31:44Z,2026-10-08T18:41:07Z,2026-10-08T18:41:07Z,,tvn_rss,titular_y_metadatos,"EEUU,portaaviones,Pete Hegseth",mundo,,false,2026-10-07T22:31:44Z
N-88d570d700c2,Gente TVN fortalece su compromiso social con jornada deportiva inclusiva,https://www.tvn-2.com/nacionales/gente-tvn-fortalece-compromiso-social-jornada-deportiva-inclusiva_1_2245912.html,TVN,es,2026-06-14T02:02:12Z,2026-10-08T18:41:07Z,2026-10-08T18:41:07Z,,tvn_rss,titular_y_metadatos,"gente tvn,Cine y tv,Voluntariado,TVN Media",nacionales,,true,2026-06-14T02:02:12Z
N-851e97e0339d,TVN Media y el Municipio de La Villa firman alianza para impulsar los Carnavales 2025,https://www.tvn-2.com/nacionales/tvn-media-municipio-la-villa-de-los-santos-firman-alianza-carnaval-2025_1_2172852.html,TVN,es,2025-01-15T17:35:47Z,2026-10-08T18:41:07Z,2026-10-08T18:41:07Z,,tvn_rss,titular_y_metadatos,"Carnaval,La Villa de Los Santos,TVN Media",nacionales,,true,2025-01-15T17:35:47Z
N-8492f1f7d4bc,Madonna se queda con la mansión de Angelina Jolie: la propiedad marcada por la historia de Hollywood,https://www.tvn-2.com/entretenimiento/musica/madonna-queda-mansion-angelina-jolie-propiedad-historia-hollywood_1_2264731.html,TVN,es,2026-10-08T15:40:22Z,2026-10-08T18:41:07Z,2026-10-08T18:41:07Z,,tvn_rss,titular_y_metadatos,"Madonna,artistas,Angelina Jolie,Hollywood",entretenimiento,,false,2026-10-08T15:40:22Z
N-80812a724907,Carretera Panamericana: MOP y ATTT evalúan nuevos retornos para reemplazar giros a la izquierda,https://www.tvn-2.com/nacionales/panamericana-mop-autoridad-de-transito-evaluan-nuevos-retornos-giros-izquierda_1_2264843.html,TVN,es,2026-10-07T21:32:22Z,2026-10-08T18:41:07Z,2026-10-08T18:41:07Z,,tvn_rss,titular_y_metadatos,"Ministerio de Obras Públicas (MOP),ATTT,Carretera Panamericana",nacionales,,false,2026-10-07T21:32:22Z
N-7f5a31e89279,Bocas del Toro afina detalles para el III Simulacro de Evacuación este lunes 12 de octubre,https://www.tvn-2.com/nacionales/bocas-toro-afina-detalles-simulacro-nacional-de-evacuacion-sinaproc_1_2265027.html,TVN,es,2026-10-08T18:28:17Z,2026-10-08T18:41:07Z,2026-10-08T18:41:07Z,,tvn_rss,titular_y_metadatos,"Bocas del Toro,Sinaproc,simulacro,Meduca",nacionales,,false,2026-10-08T18:28:17Z
N-7f268fa2f97b,Mario Castrellón protagoniza Líderes 360 este viernes en Noticias AM,https://www.tvn-2.com/lideres-360/mario-castrellon-protagoniza-lideres-360-noticias-am_1_2254164.html,TVN,es,2026-08-05T11:00:19Z,2026-10-08T18:41:07Z,2026-10-08T18:41:07Z,,tvn_rss,titular_y_metadatos,"Líderes 360,chef,TVN Media,Gastronomía en Panamá",lideres-360,,true,2026-08-05T11:00:19Z
N-729fbbda2dab,TVN Media destaca en el ranking Merco Responsabilidad ESG Panamá 2024,https://www.tvn-2.com/nacionales/tvn-media-destaca-ranking-merco-responsabilidad-social-empresarial_1_2174203.html,TVN,es,2025-01-24T19:42:54Z,2026-10-08T18:41:07Z,2026-10-08T18:41:07Z,,tvn_rss,titular_y_metadatos,"TVN Media,Ranking,Responsabilidad Social Empresarial,Medio Ambiente",nacionales,,true,2025-01-24T19:42:54Z
N-729987434438,TVN Media y Capadeso sellan alianza para visibilizar labor social,https://www.tvn-2.com/nacionales/tvn-media-camara-panamena-desarrollo-social_1_2238469.html,TVN,es,2026-04-28T18:53:57Z,2026-10-08T18:41:07Z,2026-10-08T18:41:07Z,,tvn_rss,titular_y_metadatos,"TVN Media,Desarrollo social,Capadeso,Panamá,acuerdo",nacionales,,true,2026-04-28T18:53:57Z
N-725094d5dd6a,"TVN Media realiza homenaje a Luz María Noli, heroína de la información",https://www.tvn-2.com/nacionales/tvn-media-realiza-homenaje-luz-maria-noli-dia-del-periodista-heroes-por-panama_1_2165138.html,TVN,es,2024-11-14T17:41:38Z,2026-10-08T18:41:07Z,2026-10-08T18:41:07Z,,tvn_rss,titular_y_metadatos,"Periodismo,TVN Media,Héroes por Panamá 2024",nacionales,,true,2024-11-14T17:41:38Z
N-6ffd1c40b65f,Empleos en Panamá: Mitradel publica en su portal nuevas vacantes disponibles,https://www.tvn-2.com/nacionales/empleos-panama-mitradel-publica-portal_1_2264845.html,TVN,es,2026-10-07T21:34:03Z,2026-10-08T18:41:07Z,2026-10-08T18:41:07Z,,tvn_rss,titular_y_metadatos,"mitradel,vacantes disponibles,Empleos en Panamá",nacionales,,false,2026-10-07T21:34:03Z
N-6b265d83ab37,WISS LATAM reúne a mujeres líderes y empresarias para impulsar la innovación y el liderazgo femenino,https://www.tvn-2.com/nacionales/wiss-latam-reune-mujeres-lideres_1_2257812.html,TVN,es,2026-08-27T01:21:28Z,2026-10-08T18:41:07Z,2026-10-08T18:41:07Z,,tvn_rss,titular_y_metadatos,"cumbre,Liderazgo,mujeres",nacionales,,true,2026-08-27T01:21:28Z
N-6a890a61e091,Arabia Saudita confirma tres muertos por ataques hutíes contra aeropuertos,https://www.tvn-2.com/mundo/medio-oriente/arabia-saudita-confirma-tres-muertos_1_2264827.html,TVN,es,2026-10-07T20:30:24Z,2026-10-08T18:41:07Z,2026-10-08T18:41:07Z,,tvn_rss,titular_y_metadatos,"guerras,huties,Arabia Saudí",mundo,,false,2026-10-07T20:30:24Z
N-68fbb044020e,TVN Media arrasa en los Premios Victoria 2024,https://www.tvn-2.com/nacionales/tvn-media-tres-galardones-premios-victoria-usma_1_2160381.html,TVN,es,2024-10-11T02:07:51Z,2026-10-08T18:41:07Z,2026-10-08T18:41:07Z,,tvn_rss,titular_y_metadatos,"Premios Victoria,TVN Media,TVN Noticias,USMA",nacionales,,true,2024-10-11T02:07:51Z
N-687e5a41cdfb,TVN Media recibe reconocimiento del programa Reduce Tu Huella por su compromiso con la gestión ambiental,https://www.tvn-2.com/nacionales/tvn-media-recibe-reconocimiento-programa-reduce-tu-huella-gestion-ambiental_1_2254331.html,TVN,es,2026-08-05T00:38:03Z,2026-10-08T18:41:07Z,2026-10-08T18:41:07Z,,tvn_rss,titular_y_metadatos,"TVN Media,Ministerio de Ambiente,reconocimiento,Medio Ambiente,Carbono",nacionales,,true,2026-08-05T00:38:03Z
N-67760aa91239,Contenido Exclusivo: El metro por la Tumba Muerto,https://www.tvn-2.com/contenido-exclusivo/contenido-exclusivo-metro-tumba-muerto-transporte-panama_1_2264473.html,TVN,es,2026-10-06T00:47:04Z,2026-10-08T18:41:07Z,2026-10-08T18:41:07Z,,tvn_rss,titular_y_metadatos,"Metro de Panamá S.A.,Vía Ricardo J. Alfaro,Tumba Muerto,Transporte",contenido-exclusivo,,false,2026-10-06T00:47:04Z
N-657c9556e8d2,Municipio capitalino entrega pergamino y llaves de la ciudad para Hecho en Panamá,https://www.tvn-2.com/nacionales/municipio-de-panama-pergamino-llaves-ciudad-hecho-panama_1_2163410.html,TVN,es,2024-11-01T00:23:19Z,2026-10-08T18:41:07Z,2026-10-08T18:41:07Z,,tvn_rss,titular_y_metadatos,"Hecho en Panamá,Consejo Municipal,reconocimiento",nacionales,,true,2024-11-01T00:23:19Z
N-64a1fae98dc4,EEUU intercepta 90 embarques de combustible a Cuba,https://www.tvn-2.com/mundo/eeuu-intercepta-90-embarques-combustible_1_2264885.html,TVN,es,2026-10-07T22:28:57Z,2026-10-08T18:41:07Z,2026-10-08T18:41:07Z,,tvn_rss,titular_y_metadatos,"Cuba,combustible,EEUU",mundo,,false,2026-10-07T22:28:57Z
N-635255307275,TVN Media celebra la cultura con mural en La Casa del Artesano de La Chorrera,https://www.tvn-2.com/nacionales/tvn-media-la-chorrera-celebra-cultura-mural_1_2186471.html,TVN,es,2025-04-23T01:56:51Z,2026-10-08T18:41:07Z,2026-10-08T18:41:07Z,,tvn_rss,titular_y_metadatos,"la chorrera,TVN Media,Panamá Oeste",nacionales,,true,2025-04-23T01:56:51Z
N-627d1cf3d2c2,Gente TVN se sumó a carrera caminata inclusiva de Achilles Panamá en la Cinta Costera,https://www.tvn-2.com/gente-tvn/gente-tvn-sumo-carrera-caminata_1_2264281.html,TVN,es,2026-10-04T23:47:36Z,2026-10-08T18:41:07Z,2026-10-08T18:41:07Z,,tvn_rss,titular_y_metadatos,"gente tvn,carrera,caminata,Discapacidad",gente-tvn,,false,2026-10-04T23:47:36Z
N-60fc93934ea3,Costa Coffee se expande a Panamá con dos nuevas tiendas operadas por el socio franquiciado Grupo Maritanos,https://www.tvn-2.com/economia/empresas/publirreportajes/costa-coffee-expande-panama-nuevas_1_2256771.html,TVN,es,2026-08-21T15:41:33Z,2026-10-08T18:41:07Z,2026-10-08T18:41:07Z,,tvn_rss,titular_y_metadatos,"estrenos,aperturas,lanzamientos",economia,,true,2026-08-21T15:41:33Z
N-5f9947f31985,TVN estrena Líderes 360 y consolida su cobertura del Mundial 2026,https://www.tvn-2.com/nacionales/tvn-media-estrena-lideres-360-mundial-2026_1_2249178.html,TVN,es,2026-07-03T14:17:00Z,2026-10-08T18:41:07Z,2026-10-08T18:41:07Z,,tvn_rss,titular_y_metadatos,"TVN Media,luis mouynes,Megaproyectos TVN Media,gente tvn",nacionales,,true,2026-07-03T14:17:00Z
N-5f20fa1e2c66,TVN Media y XCOM se unen para impulsar la innovación y el futuro de la comunicación en Panamá,https://www.tvn-2.com/nacionales/tvn-media-excom-unen-impulsar_1_2242806.html,TVN,es,2026-05-26T20:20:00Z,2026-10-08T18:41:07Z,2026-10-08T18:41:07Z,,tvn_rss,titular_y_metadatos,"TVN Media,Comunicación,Medios de comunicación,Alianza",nacionales,,true,2026-05-26T20:20:00Z
N-5d8c4cfe2f22,TVN Media se consolida en el ranking de Merco Talento 2025,https://www.tvn-2.com/nacionales/tvn-media-consolida-ranking-merco-talento_1_2195639.html,TVN,es,2025-06-26T21:17:21Z,2026-10-08T18:41:07Z,2026-10-08T18:41:07Z,,tvn_rss,titular_y_metadatos,"TVN Media,Medios de comunicación,talento",nacionales,,true,2025-06-26T21:17:21Z
N-5d46ef257889,TVN Media y ADEN Business School firman acuerdo para acceder a programas de estudio superior,https://www.tvn-2.com/nacionales/tvn-media-aden-business-school_1_2255801.html,TVN,es,2026-08-14T00:59:23Z,2026-10-08T18:41:07Z,2026-10-08T18:41:07Z,,tvn_rss,titular_y_metadatos,"TVN Media,Estudios,universidad",nacionales,,true,2026-08-14T00:59:23Z
N-5c81dbb8385d,Claudya Morales de TVN Media gana Premio de Periodismo sobre Niñez y Adolescencia 2024,https://www.tvn-2.com/nacionales/claudya-morales-tvn-media-premio-de-periodismo-ninez-y-adolescencia-unicef-celap_1_2166205.html,TVN,es,2024-11-21T20:28:55Z,2026-10-08T18:41:07Z,2026-10-08T18:41:07Z,,tvn_rss,titular_y_metadatos,"Unicef,niñez en Panamá,Comarca Gnäbe Buglé",nacionales,,true,2024-11-21T20:28:55Z
N-5bf4576df900,Asamblea: Debate por la renovación del contrato de Ciudad del Saber genera cuestionamientos por exoneraciones,https://www.tvn-2.com/nacionales/asamblea-debate-renovacion-contrato-ciudad-del-saber-cuestionamientos-por-exoneraciones_1_2264917.html,TVN,es,2026-10-08T01:14:47Z,2026-10-08T18:41:07Z,2026-10-08T18:41:07Z,,tvn_rss,titular_y_metadatos,"asamblea,Ciudad del Saber,Impuestos",nacionales,,false,2026-10-08T01:14:47Z
N-5ad84e990e46,TVN Media dijo presente en Relevos por la Vida 2025 de Fanlyc,https://www.tvn-2.com/nacionales/tvn-media-dijo-presente-relevos_1_2205996.html,TVN,es,2025-09-13T23:41:33Z,2026-10-08T18:41:07Z,2026-10-08T18:41:07Z,,tvn_rss,titular_y_metadatos,"fanlyc,relevo por la vida,cáncer,TVN Media",nacionales,,true,2025-09-13T23:41:33Z
N-5a8984e3c6be,TVN Media y FSU Panamá apuestan por la nueva generación que transformará la industria,https://www.tvn-2.com/nacionales/tvn-media-fundacion-florida-state-university-panama-apuestan-industria-audiovisual_1_2190375.html,TVN,es,2025-05-20T21:20:33Z,2026-10-08T18:41:07Z,2026-10-08T18:41:07Z,,tvn_rss,titular_y_metadatos,"TVN Media,Medios de comunicación,Universidades en Panamá,educación",nacionales,,true,2025-05-20T21:20:33Z
N-5a3fd6dddbcb,TVN Media reafirma alianza con  la Teletón 20-30,https://www.tvn-2.com/videos/noticias/video-ext-tvn-media-reafirma-alianza-teleton_7_2163364.html,TVN,es,2024-10-31T20:32:52Z,2026-10-08T18:41:07Z,2026-10-08T18:41:07Z,,tvn_rss,titular_y_metadatos,"Teletón 20-30,TVN Media,teletón",videos,,true,2024-10-31T20:32:52Z
N-5a318343deb0,TVN Media moviliza a sus colaboradores para convertir la solidaridad en vidas,https://www.tvn-2.com/gente-tvn/tvn-media-moviliza-colaboradores-convertir_1_2255762.html,TVN,es,2026-08-13T22:07:30Z,2026-10-08T18:41:07Z,2026-10-08T18:41:07Z,,tvn_rss,titular_y_metadatos,"Donación,donación sangre,Fundación Sangre Panamá,voluntariados,héroes",gente-tvn,,true,2026-08-13T22:07:30Z
N-5840970a1dce,"Muere Maricarmen, la mujer de más de 80 años cuyo desalojo desató las movilizaciones por la vivienda en España",https://www.tvn-2.com/mundo/muere-maricarmen-desalojo-movilizaciones-vivienda-espana_1_2264819.html,TVN,es,2026-10-07T19:01:14Z,2026-10-08T18:41:07Z,2026-10-08T18:41:07Z,,tvn_rss,titular_y_metadatos,"España,viviendas,adultos mayores,Muerte",mundo,,false,2026-10-07T19:01:14Z
N-577a99076293,"Lula, el presidente sin celular, se rinde al selfi para atraer votantes",https://www.tvn-2.com/mundo/lula-presidente-celular-rinde-selfi_1_2264857.html,TVN,es,2026-10-07T21:37:07Z,2026-10-08T18:41:07Z,2026-10-08T18:41:07Z,,tvn_rss,titular_y_metadatos,"brasil,Elecciones2014,Luiz Inácio Lula da Silva",mundo,,false,2026-10-07T21:37:07Z
N-575af22d943c,TVN Media recibe reconocimiento por cobertura del 9 de enero de 1964,https://www.tvn-2.com/nacionales/tvn-media-recibe-reconocimiento-cobertura_1_2172034.html,TVN,es,2025-01-09T00:56:01Z,2026-10-08T18:41:07Z,2026-10-08T18:41:07Z,,tvn_rss,titular_y_metadatos,"9 de enero de 1964,TVN Media,9 de Enero",nacionales,,true,2025-01-09T00:56:01Z
N-56d8b2f2261e,"TVN Media conmemora el Día de las Buenas Acciones con jornada solidaria junto a ADAVION, Héroes por Panamá 2019",https://www.tvn-2.com/nacionales/tvn-media-conmemora-dia-buenas-acciones-adavion-heroes-por-panama_1_2236132.html,TVN,es,2026-04-13T23:02:47Z,2026-10-08T18:41:07Z,2026-10-08T18:41:07Z,,tvn_rss,titular_y_metadatos,"gente tvn,TVN Media,Día de las Buenas Acciones",nacionales,,true,2026-04-13T23:02:47Z
N-56cd4f26cd6a,Unos 22 aprehendidos en la operación Comunidad Segura contra el microtráfico en Colón y Panama Oeste,https://www.tvn-2.com/nacionales/22-aprehendidos-operacion-comunidad-segura_1_2264931.html,TVN,es,2026-10-08T02:02:13Z,2026-10-08T18:41:07Z,2026-10-08T18:41:07Z,,tvn_rss,titular_y_metadatos,"Procuraduría de la Nación,Microtráfico,drogas",nacionales,,false,2026-10-08T02:02:13Z
N-55b407fbdce8,TVN Media apoya el 'reality Jump' que busca impulsar el emprendimiento de jóvenes,https://www.tvn-2.com/nacionales/tvn-media-impulsa-reality-jump-emprendimientos-jovenes_1_2185537.html,TVN,es,2025-04-16T00:59:06Z,2026-10-08T18:41:07Z,2026-10-08T18:41:07Z,,tvn_rss,titular_y_metadatos,"Jovenes,emprendimientos,TVN Media",nacionales,,true,2025-04-16T00:59:06Z
N-543d10d0dd55,Voces femeninas comparten liderazgo y experiencias en encuentro de Speed Mentoring de TVN,https://www.tvn-2.com/nacionales/voces-femeninas-comparten-liderazgo-experiencias-encuentro-de-speed-mentoring-de-tvn_1_2230766.html,TVN,es,2026-03-07T23:01:00Z,2026-10-08T18:41:07Z,2026-10-08T18:41:07Z,,tvn_rss,titular_y_metadatos,"Líderes,Día Internacional de la Mujer,mujeres",nacionales,,true,2026-03-07T23:01:00Z
N-540e3ca014c6,Céline Dion cae en pleno concierto en París y tranquiliza al público,https://www.tvn-2.com/entretenimiento/celine-dion-cae-pleno-concierto-paris-musica_1_2265014.html,TVN,es,2026-10-08T17:23:53Z,2026-10-08T18:41:07Z,2026-10-08T18:41:07Z,,tvn_rss,titular_y_metadatos,"Celine Dion,Musica,concierto,París,francia",entretenimiento,,false,2026-10-08T17:23:53Z
N-5319f5573ca5,TVN Media resalta el valor de la televisión en las audiencias durante el Media Forward 2026,https://www.tvn-2.com/nacionales/tvn-media-valor-television-media-forward-audiencia_1_2264803.html,TVN,es,2026-10-07T18:12:12Z,2026-10-08T18:41:07Z,2026-10-08T18:41:07Z,,tvn_rss,titular_y_metadatos,"Televisión,audiencia,luis mouynes,TVN Media",nacionales,,false,2026-10-07T18:12:12Z
N-4f361fe28706,TVN Media y el MAC Panamá se unen para promover el arte y la cultura nacional,https://www.tvn-2.com/nacionales/tvn-media-mac-panama-unen_1_2199530.html,TVN,es,2025-07-25T19:00:00Z,2026-10-08T18:41:07Z,2026-10-08T18:41:07Z,,tvn_rss,titular_y_metadatos,"TVN Media,Museo de Arte Contemporáneo (MAC),Cultura",nacionales,,true,2025-07-25T19:00:00Z
N-4e8be96ab6f5,MLB Playoffs 2026 resultado| Cerveceros dejan fuera a Padres y van por el banderín de la Liga Nacional ante Dodgers,https://www.tvn-2.com/tvmax/beisbol/mlb/brewers-vs-padres-mlb-playoffs-2026-resultado-juego-4-divisional-series-beisbol-grandes-ligas_1_2264961.html,TVN,es,2026-10-08T06:52:04Z,2026-10-08T18:41:07Z,2026-10-08T18:41:07Z,,tvn_rss,titular_y_metadatos,"Cerveceros de Milwaukee,San Diego Padres,mlb,playoffs,Grandes Ligas,Béisbol MLB",tvmax,,false,2026-10-08T06:52:04Z
N-4d4d3eb02d66,"Contenido Exclusivo: Coclé, se seca el campo",https://www.tvn-2.com/contenido-exclusivo/contenido-exclusivo-cocle-seca-campo-fenomeno-de-el-nino-clima-agua-produccion-sequia_1_2263614.html,TVN,es,2026-10-01T01:31:04Z,2026-10-08T18:41:07Z,2026-10-08T18:41:07Z,,tvn_rss,titular_y_metadatos,"Fenómeno de El Niño,clima en Panamá,Medio Ambiente,Sequía,Provincia de Coclé",contenido-exclusivo,,true,2026-10-01T01:31:04Z
N-4ba0d048d89d,"MLB Playoffs 2026 resultado| Guardianes, con el panameño Daniel Espino como abridor, se revitalizan ante Medias Blancas en la Serie Divisional",https://www.tvn-2.com/tvmax/beisbol/mlb/guardians-vs-white-sox-mlb-playoffs-2026-en-vivo-daniel-espino-lanzador-panama-juego-3-resultado-divisional-series-beisbol-grandes-ligas_1_2264824.html,TVN,es,2026-10-07T19:39:32Z,2026-10-08T18:41:07Z,2026-10-08T18:41:07Z,,tvn_rss,titular_y_metadatos,"Daniel Espino,mlb,lanzador,Panamá,Cleveland Guardians,White sox,Chicago,playoffs,Grandes Ligas,Béisbol MLB",tvmax,,false,2026-10-07T19:39:32Z
N-4b2fc0678f6c,Panamá y OIM evalúan trasladar de Costa Rica a Panamá una oficina de coordinación migratoria,https://www.tvn-2.com/nacionales/panama-oim-evaluan-trasladar-oficina-migratoria-costa-rica_1_2264870.html,TVN,es,2026-10-07T22:16:05Z,2026-10-08T18:41:07Z,2026-10-08T18:41:07Z,,tvn_rss,titular_y_metadatos,"Panamá,OIM,Diplomacia",nacionales,,false,2026-10-07T22:16:05Z
N-4aea272913e7,TVN Media será parte del Día de las Buenas Acciones,https://www.tvn-2.com/nacionales/dia-de-las-buenas-acciones-fundacion-jupa-tvn-media_1_2182521.html,TVN,es,2025-03-25T01:29:54Z,2026-10-08T18:41:07Z,2026-10-08T18:41:07Z,,tvn_rss,titular_y_metadatos,"Día de las Buenas Acciones,TVN Media,fundación jupa",nacionales,,true,2025-03-25T01:29:54Z
N-49806e0e0d5a,"EEUU imputará cargos por tortura contra Nicolás Maduro, según CNN",https://www.tvn-2.com/mundo/eeuu-imputara-cargos-tortura-nicolas_1_2264914.html,TVN,es,2026-10-08T00:40:41Z,2026-10-08T18:41:07Z,2026-10-08T18:41:07Z,,tvn_rss,titular_y_metadatos,"EEUU,Venezuela,Nicolás Maduro,Tortura,Imputación de cargos",mundo,,false,2026-10-08T00:40:41Z
N-48f6c918fb8c,Rusia alerta sobre información ‘falsa’ tras reportes de un segundo caso de peste,https://www.tvn-2.com/mundo/rusia-alerta-informacion-falsa-reportes_1_2264853.html,TVN,es,2026-10-07T21:30:45Z,2026-10-08T18:41:07Z,2026-10-08T18:41:07Z,,tvn_rss,titular_y_metadatos,"Rusia,Salud,Virus",mundo,,false,2026-10-07T21:30:45Z
N-4844a941084a,TVN Media y Sabores de Colón se unen para resaltar la gastronomía y cultura colonense,https://www.tvn-2.com/nacionales/tvn-media-sabores-colon-gastronomia-cultura-colonense_1_2201366.html,TVN,es,2025-08-09T01:00:00Z,2026-10-08T18:41:07Z,2026-10-08T18:41:07Z,,tvn_rss,titular_y_metadatos,"Colón,TVN Media,Comida",nacionales,,true,2025-08-09T01:00:00Z
N-4631bc3db951,¿Dolor en el talón al dar los primeros pasos? Estas pueden ser las causas,https://www.tvn-2.com/nacionales/dolor-talon-dar-primeros-pasos-cajadesegurosocial_1_2264990.html,TVN,es,2026-10-08T15:23:11Z,2026-10-08T18:41:07Z,2026-10-08T18:41:07Z,,tvn_rss,titular_y_metadatos,"Caja de Seguro Social (CSS),Dolor,Salud",nacionales,,false,2026-10-08T15:23:11Z
N-4525aa132f37,TVN Media arrasa en los Premios Excelencia de la Universidad de Panamá,https://www.tvn-2.com/nacionales/premios-excelencia-2024-universidad-de-panama-tvn-noticias-facultad-de-comunicacion-social_1_2166104.html,TVN,es,2024-11-21T02:59:16Z,2026-10-08T18:41:07Z,2026-10-08T18:41:07Z,,tvn_rss,titular_y_metadatos,"premios excelencia,Universidad de Panamá,TVN Noticias",nacionales,,true,2024-11-21T02:59:16Z
N-438971e86c21,Una alianza por el conocimiento: Ciudad del Saber y TVN Media unen esfuerzos,https://www.tvn-2.com/nacionales/alianza-conocimiento-ciudad-del-saber-tvn-media_1_2203982.html,TVN,es,2025-08-09T01:43:00Z,2026-10-08T18:41:07Z,2026-10-08T18:41:07Z,,tvn_rss,titular_y_metadatos,"Ciudad del Saber,TVN Media,Convenio",nacionales,,true,2025-08-09T01:43:00Z
N-42186a23c2a5,Fundación Pasión por Vivir prepara censo de personas con ELA en Panamá,https://www.tvn-2.com/nacionales/fundacion-pasion-vivir-prepara-censo-esclerosis-lateral-amiotrofica-ela-panama-salud_1_2265020.html,TVN,es,2026-10-08T18:06:29Z,2026-10-08T18:41:07Z,2026-10-08T18:41:07Z,,tvn_rss,titular_y_metadatos,"ELA,Enfermedades,esclerosis,Salud,censo,becas",nacionales,,false,2026-10-08T18:06:29Z
N-3f1ab22d1e63,Marelissa Him se sincera sobre el cáncer que cambió su vida: 'Yo no me sentía nada',https://www.tvn-2.com/entretenimiento/marelissa-him-habla-cancer-mama-salud-jelou-enfermedad_1_2264816.html,TVN,es,2026-10-07T19:15:56Z,2026-10-08T18:41:07Z,2026-10-08T18:41:07Z,,tvn_rss,titular_y_metadatos,"cáncer,Salud,Jelou,Marelissa Him",entretenimiento,,false,2026-10-07T19:15:56Z
N-3db8c2d3563c,TVN Media arrasa en los Premios Excelencia en la gala 'Los Faroles',https://www.tvn-2.com/nacionales/tvn-media-arrasa-premios-victoria-universidad-de-panama_1_2217570.html,TVN,es,2025-12-05T12:28:16Z,2026-10-08T18:41:07Z,2026-10-08T18:41:07Z,,tvn_rss,titular_y_metadatos,"premios excelencia,Universidad de Panamá,Producción Nacional",nacionales,,true,2025-12-05T12:28:16Z
N-3d58bd578f4b,Más de 200 universitarios participan en la Hackathon Copa Airlines 2026 en Veraguas,https://www.tvn-2.com/nacionales/talento-joven-arranca-hackathon-copa-airlines-veraguas_1_2265030.html,TVN,es,2026-10-08T18:27:29Z,2026-10-08T18:41:07Z,2026-10-08T18:41:07Z,,tvn_rss,titular_y_metadatos,"Copa Airlines,Jovenes,estudiantes",nacionales,,false,2026-10-08T18:27:29Z
N-3c7ac1965b38,Aerosmith sorprende con su regreso tras el retiro: Steven Tyler volverá al escenario,https://www.tvn-2.com/entretenimiento/musica/aerosmith-sorprende-regreso-retiro-steven-tyler-volvera-escenario_1_2265008.html,TVN,es,2026-10-08T18:25:39Z,2026-10-08T18:41:07Z,2026-10-08T18:41:07Z,,tvn_rss,titular_y_metadatos,"Aerosmith,Steven Tyler,Musica",entretenimiento,,false,2026-10-08T18:25:39Z
N-385abe80a802,TVN encendió la fiesta y animó al público en 'Sabores de Colón',https://www.tvn-2.com/nacionales/tvn-media-encendio-fiesta-publico-sabores-de-colon_1_2229801.html,TVN,es,2026-03-02T00:29:43Z,2026-10-08T18:41:07Z,2026-10-08T18:41:07Z,,tvn_rss,titular_y_metadatos,"Provincia de Colón,TVN,Sabores de Colón",nacionales,,true,2026-03-02T00:29:43Z
N-37640d843a97,Macrofest 2025 presenta su cartel oficial y entrega reconocimiento a TVN Media,https://www.tvn-2.com/nacionales/macrofest-2025-presenta-cartel-oficial-reconocimiento-tvnmedia_1_2173050.html,TVN,es,2025-01-16T20:59:29Z,2026-10-08T18:41:07Z,2026-10-08T18:41:07Z,,tvn_rss,titular_y_metadatos,"MACROFEST,TVN Media,Musica",nacionales,,true,2025-01-16T20:59:29Z
N-3713de7a232f,TVN Media y FSU Panamá firmaron acuerdo de colaboración para formar estudiantes,https://www.tvn-2.com/videos/noticias/video-ext-tvn-media-fsu-panama-firmaron_7_2197723.html,TVN,es,2025-07-12T01:34:57Z,2026-10-08T18:41:07Z,2026-10-08T18:41:07Z,,tvn_rss,titular_y_metadatos,"TVN Panamá,TVN Noticias",videos,,true,2025-07-12T01:34:57Z
N-35c3390a72c8,TVN Media y el IFF Panamá firman alianza para la 13ª edición del Festival Internacional de Cine de Panamá,https://www.tvn-2.com/entretenimiento/cine-y-tv/tvn-media-iff-panama-firman-convenio-festival-de-cine-de-panama_1_2181612.html,TVN,es,2025-03-18T19:31:35Z,2026-10-08T18:41:07Z,2026-10-08T18:41:07Z,,tvn_rss,titular_y_metadatos,"Cine,TVN Media,películas,IFF Panamá",entretenimiento,,true,2025-03-18T19:31:35Z
N-34877dd09e6b,FMI proyecta que la economía de Panamá crecerá cerca de 5% este 2026,https://www.tvn-2.com/nacionales/fmi-proyecta-economia-panama-crecera_1_2264907.html,TVN,es,2026-10-07T22:00:00Z,2026-10-08T18:41:07Z,2026-10-08T18:41:07Z,,tvn_rss,titular_y_metadatos,"Fondo Monetario Internacional (FMI),FMI,Economía panameña,mef",nacionales,,false,2026-10-07T22:00:00Z
N-33f2663b5f67,MOP avanza en mas del 45% nueva ruta para desahogar la via Interamericana en David,https://www.tvn-2.com/nacionales/provincias/mop-avanza-45-nueva-ruta-via-interamericana-en-david_1_2264891.html,TVN,es,2026-10-07T23:25:49Z,2026-10-08T18:41:07Z,2026-10-08T18:41:07Z,,tvn_rss,titular_y_metadatos,"Construcciones en Panamá,Ministerio de Obras Públicas (MOP),Provincia de Chiriquí",nacionales,,false,2026-10-07T23:25:49Z
N-32ec4d0ac742,TVN Media oficializa patrocinio para el World of Coffee Panamá 2026,https://www.tvn-2.com/nacionales/tvn-media-oficializa-patrocinio-world_1_2251452.html,TVN,es,2026-07-17T01:20:25Z,2026-10-08T18:41:07Z,2026-10-08T18:41:07Z,,tvn_rss,titular_y_metadatos,"TVN Media,cafe,Cámara de Comercio de Panamá",nacionales,,true,2026-07-17T01:20:25Z
N-32e0aae9504b,TVN Noticias y Tráfico Panamá firman alianza estratégica,https://www.tvn-2.com/nacionales/tvn-noticias-trafico-panama-firman-alianza-estrategia-medios_1_2187423.html,TVN,es,2025-04-29T23:08:14Z,2026-10-08T18:41:07Z,2026-10-08T18:41:07Z,,tvn_rss,titular_y_metadatos,"TVN Media,Medios de comunicación,Alianza,Tráfico",nacionales,,true,2025-04-29T23:08:14Z
N-326b5d9ab00e,Líderes 360 estrena el 3 de julio en Noticias AM con historias de impacto empresarial,https://www.tvn-2.com/lideres-360/lideres-360-estrena-noticias-am-impacto-empresarial-pedro-heilbron_1_2247767.html,TVN,es,2026-07-01T20:03:18Z,2026-10-08T18:41:07Z,2026-10-08T18:41:07Z,,tvn_rss,titular_y_metadatos,"Líderes 360,Liderazgo,empresas",lideres-360,,true,2026-07-01T20:03:18Z
N-2ffeea1ffd0f,"TVN Media y UDELAS firman alianza para impulsar la educación, el bienestar y el desarrollo social",https://www.tvn-2.com/gente-tvn/tvn-media-udelas-firman-alianza_1_2253105.html,TVN,es,2026-07-28T17:00:00Z,2026-10-08T18:41:07Z,2026-10-08T18:41:07Z,,tvn_rss,titular_y_metadatos,"universidades,Alianza,Universidad de las Américas (Udelas)",gente-tvn,,true,2026-07-28T17:00:00Z
N-2dd76812ff29,Sueños de diciembre: La familia de TVN Noticias llevó alegría a los niños de Cerro Cabra,https://www.tvn-2.com/nacionales/suenos-diciembre-familia-tvn-noticias-ninos-cerro-cabra-navidad_1_2170326.html,TVN,es,2024-12-25T00:16:31Z,2026-10-08T18:41:07Z,2026-10-08T18:41:07Z,,tvn_rss,titular_y_metadatos,"Navidad,Veracruz,TVN Notcias",nacionales,,true,2024-12-25T00:16:31Z
N-2a50f430799e,"TVN Media dice presente en la Teletón 20-30 con una donación de 100,000 dólares",https://www.tvn-2.com/nacionales/tvn-media-dice-presente-teleton-20-30_1_2169266.html,TVN,es,2024-12-15T23:17:28Z,2026-10-08T18:41:07Z,2026-10-08T18:41:07Z,,tvn_rss,titular_y_metadatos,"Teletón 20-30,TVN Media,Club Activo 20-30",nacionales,,true,2024-12-15T23:17:28Z
N-2a41592af821,Ifarhu fija hasta el 14 de octubre para entregar boletín de Becas de Excelencia,https://www.tvn-2.com/nacionales/ifarhu-fija-14-octubre-entregar_1_2264871.html,TVN,es,2026-10-07T22:15:40Z,2026-10-08T18:41:07Z,2026-10-08T18:41:07Z,,tvn_rss,titular_y_metadatos,"ifarhu,becas,Documentos",nacionales,,false,2026-10-07T22:15:40Z
N-2571a308d95c,Periodistas de TVN Media participan de conversatorio sobre desinformación y 'fake news' con estudiantes de la Universidad Latina,https://www.tvn-2.com/nacionales/periodistas-tvn-media-participan-conversatorio-desinformacion-fake-news-universidad-latina_1_2165356.html,TVN,es,2024-11-15T22:23:28Z,2026-10-08T18:41:07Z,2026-10-08T18:41:07Z,,tvn_rss,titular_y_metadatos,"Fake News,desinformacion,Periodistas,estudiantes",nacionales,,true,2024-11-15T22:23:28Z
N-241399dbd187,MLB calendario | Guardianes vs Medias Blancas: Dónde ver gratis y en vivo el juego 4 Serie Divisional,https://www.tvn-2.com/tvmax/beisbol/mlb/mlb-calendario-guardianes-vs-medias-blancas-juego-4-beisbol-grandes-ligas_1_2264998.html,TVN,es,2026-10-08T16:05:29Z,2026-10-08T18:41:07Z,2026-10-08T18:41:07Z,,tvn_rss,titular_y_metadatos,"mlb,Guardianes de Cleveland,Medias Blancas",tvmax,,false,2026-10-08T16:05:29Z
N-23280e05ba46,TVN Media y Jump renuevan alianza para impulsar el emprendimiento en Panamá,https://www.tvn-2.com/nacionales/tvn-media-jump-renuevan-alianza-emprendimiento-panama_1_2237758.html,TVN,es,2026-04-23T18:22:28Z,2026-10-08T18:41:07Z,2026-10-08T18:41:07Z,,tvn_rss,titular_y_metadatos,"emprendimientos,TVN Media,jump",nacionales,,true,2026-04-23T18:22:28Z
N-213a3545c0ff,TVN Media firma alianza para promover 'Mosaico Panamá',https://www.tvn-2.com/nacionales/tvn-media-firma-alianza-promover-mosaico-panama_1_2240535.html,TVN,es,2026-05-12T00:59:45Z,2026-10-08T18:41:07Z,2026-10-08T18:41:07Z,,tvn_rss,titular_y_metadatos,"TVN Media,Cultura,Mosaico,Panamá",nacionales,,true,2026-05-12T00:59:45Z
N-1fc8bb03fb1b,TVN Media gana categoría de Mejor Medio de Comunicación en ranking de Merco Empresas de Panamá 2024,https://www.tvn-2.com/nacionales/tvn-media-gana-categoria-mejor-merco-empresas-panama-2024-premio-ranking_1_2167542.html,TVN,es,2024-12-02T18:23:32Z,2026-10-08T18:41:07Z,2026-10-08T18:41:07Z,,tvn_rss,titular_y_metadatos,"TVN Media,Premios,empresas,Ranking",nacionales,,true,2024-12-02T18:23:32Z
N-1c82fc5a1a2e,Líderes 360 | Mario Castrellón: la visión de un chef que convirtió la gastronomía panameña en una marca país,https://www.tvn-2.com/lideres-360/lideres-360-mario-castrellon-chef-gastronomia-panama-maito_1_2254177.html,TVN,es,2026-08-07T12:15:31Z,2026-10-08T18:41:07Z,2026-10-08T18:41:07Z,,tvn_rss,titular_y_metadatos,"Líderes 360,Liderazgo,Gastronomía,chef,Restaurantes",lideres-360,,true,2026-08-07T12:15:31Z
N-1a8d986bf866,Explosión demográfica en Panamá Este aumenta la presión sobre el transporte público,https://www.tvn-2.com/nacionales/explosion-demografica-panama-aumenta-presion_1_2264977.html,TVN,es,2026-10-08T12:55:10Z,2026-10-08T18:41:07Z,2026-10-08T18:41:07Z,,tvn_rss,titular_y_metadatos,"transporte público,tocumen,usuarios de transporte público",nacionales,,false,2026-10-08T12:55:10Z
N-183c3bd91c8a,Cristiano Ronaldo le envió un mensaje a Lionel Messi luego del partido de despedida,https://www.tvn-2.com/tvmax/futbol-internacional/cristiano-ronaldo-lionel-messi-partido-de-despedida-futbol-seleccion-de-argentina_1_2264830.html,TVN,es,2026-10-07T20:15:25Z,2026-10-08T18:41:07Z,2026-10-08T18:41:07Z,,tvn_rss,titular_y_metadatos,"Lionel Messi,Cristiano Ronaldo,Selección de Argentina",tvmax,,false,2026-10-07T20:15:25Z
N-1759deb0aa25,TVN Media y el Carnaval de La Villa de Los Santos renuevan su alianza estratégica,https://www.tvn-2.com/nacionales/tvn-media-carnaval-la-villa-de-los-santos-alianza_1_2225701.html,TVN,es,2026-02-02T18:40:15Z,2026-10-08T18:41:07Z,2026-10-08T18:41:07Z,,tvn_rss,titular_y_metadatos,"Carnaval,TVN Media,acuerdo,La Villa de Los Santos",nacionales,,true,2026-02-02T18:40:15Z
N-150877b7c77b,TVN Media alcanza el primer lugar en reputación entre los medios de comunicación en Panamá,https://www.tvn-2.com/nacionales/tvn-media-alcanza-primer-lugar-medios-comunicacion-merco-panama_1_2263883.html,TVN,es,2026-10-02T01:00:17Z,2026-10-08T18:41:07Z,2026-10-08T18:41:07Z,,tvn_rss,titular_y_metadatos,"encuesta,empresas,TVN Media",nacionales,,false,2026-10-02T01:00:17Z
N-13fc389505f8,TVN Media y la Asociación de Directoras de Panamá firman alianza para impulsar el liderazgo femenino,https://www.tvn-2.com/nacionales/tvn-media-asociacion-directoras-panama_1_2254586.html,TVN,es,2026-08-06T01:08:53Z,2026-10-08T18:41:07Z,2026-10-08T18:41:07Z,,tvn_rss,titular_y_metadatos,"TVN Media,mujeres,igualdad de género",nacionales,,true,2026-08-06T01:08:53Z
N-136b920dc822,"'Ya no sé a quién creer', los siberianos viven entre rumores y miedo a la peste",https://www.tvn-2.com/mundo/europa/no-creer-siberianos-viven-rumores_1_2264971.html,TVN,es,2026-10-08T12:21:08Z,2026-10-08T18:41:07Z,2026-10-08T18:41:07Z,,tvn_rss,titular_y_metadatos,"Rusia,Salud,enfermedad,Neumonía",mundo,,false,2026-10-08T12:21:08Z
N-0d4f265e7aef,Colaboradores de TVN Media participan en voluntariado en beneficio de la Fundación Latidos,https://www.tvn-2.com/nacionales/colaboradores-tvn-media-participan-voluntariado_1_2230514.html,TVN,es,2026-03-06T00:00:00Z,2026-10-08T18:41:07Z,2026-10-08T18:41:07Z,,tvn_rss,titular_y_metadatos,"TVN Media,Héroes por Panamá,fudnación latidos",nacionales,,true,2026-03-06T00:00:00Z
N-0ce6bef5f323,Trump concede medalla a Musk y otros directivos de tecnológicas,https://www.tvn-2.com/mundo/trump-concede-medalla-musk-directivos_1_2264877.html,TVN,es,2026-10-07T22:17:38Z,2026-10-08T18:41:07Z,2026-10-08T18:41:07Z,,tvn_rss,titular_y_metadatos,"EEUU,Elon Musk,Donald Trump,Tecnología",mundo,,false,2026-10-07T22:17:38Z
N-0803c58d1f47,TVN Media recibe reconocimiento en el Simposio Internacional de Innovación en Sostenibilidad: Edificio y Ciudad,https://www.tvn-2.com/nacionales/tvn-media-recibe-reconocimiento-simposio-innovacion-sostenibilidad-en-ambiente_1_2169077.html,TVN,es,2024-12-13T18:17:01Z,2026-10-08T18:41:07Z,2026-10-08T18:41:07Z,,tvn_rss,titular_y_metadatos,"TVN Media,Medio Ambiente,premio",nacionales,,true,2024-12-13T18:17:01Z
N-0793a7f03b1e,TVN Media y la Feria de La Chorrera firman alianza estratégica,https://www.tvn-2.com/videos/noticias/video-tvn-media-feria-chorrera-firman_8_2225013.html,TVN,es,2026-01-29T01:16:20Z,2026-10-08T18:41:07Z,2026-10-08T18:41:07Z,,tvn_rss,titular_y_metadatos,"TVN Media,Feria de La Chorrera",videos,,true,2026-01-29T01:16:20Z
N-0720a484634c,Ataque a tiros cerca de la estación del metro de San Miguelito deja un muerto y dos heridos,https://www.tvn-2.com/nacionales/ataque-tiros-cerca-estacion-metro_1_2264905.html,TVN,es,2026-10-08T00:08:54Z,2026-10-08T18:41:07Z,2026-10-08T18:41:07Z,,tvn_rss,titular_y_metadatos,"San Miguelito,sicariato,Homicidio,Policía Nacional",nacionales,,false,2026-10-08T00:08:54Z
N-0619c1cc8422,Presentan a las obras ganadoras de Documental Panamá,https://www.tvn-2.com/nacionales/presentan-ganadoras-documental-panama-documentales-cine-fundacion-alberto-motta-noticias-en-panama-hoy_1_2163165.html,TVN,es,2024-10-30T20:15:28Z,2026-10-08T18:41:07Z,2026-10-08T18:41:07Z,,tvn_rss,titular_y_metadatos,"Fundación Alberto Motta,TVN Media,Documental Panamá",nacionales,,true,2024-10-30T20:15:28Z
N-04dbdc7c409d,Mundo Verde de TVN gana premio en Concurso para Comunicadores Sociales Carla Uliantzeff,https://www.tvn-2.com/nacionales/mundo-verde-ballenas-jorobadas-premio-concurso-comunicadores-sociales-carla-uliantzeff_1_2158333.html,TVN,es,2024-09-27T18:57:50Z,2026-10-08T18:41:07Z,2026-10-08T18:41:07Z,,tvn_rss,titular_y_metadatos,"mundo verde,premio,Ballenas,fauna",nacionales,,true,2024-09-27T18:57:50Z
N-04d71c66adfa,TVN Media y DIRCOM Panamá se unen para fortalecer la voz de los Héroes por Panamá,https://www.tvn-2.com/nacionales/tvn-media-dircom-panama-unen_1_2211616.html,TVN,es,2025-10-21T17:48:33Z,2026-10-08T18:41:07Z,2026-10-08T18:41:07Z,,tvn_rss,titular_y_metadatos,"TVN Media,Héroes por Panamá,Convenio",nacionales,,true,2025-10-21T17:48:33Z
N-026671423556,"Gerente de TVN Media, Luis Mouynes en el ranking de los líderes con mejor reputación en Panamá",https://www.tvn-2.com/nacionales/ranking-de-los-lideres-luis-mouynes-gerente-tvn-media_1_2168690.html,TVN,es,2024-12-11T01:18:24Z,2026-10-08T18:41:07Z,2026-10-08T18:41:07Z,,tvn_rss,titular_y_metadatos,"TVN Media,Líderes republicanos,empresarios",nacionales,,true,2024-12-11T01:18:24Z
N-00d9574f94f5,"Tu Banco, tu Istmo: Banistmo presenta nueva identidad como parte del Grupo Financiero BSC",https://www.tvn-2.com/economia/empresas/publirreportajes/banco-istmo-banistmo-presenta-nueva_1_2258123.html,TVN,es,2026-08-28T18:15:25Z,2026-10-08T18:41:07Z,2026-10-08T18:41:07Z,,tvn_rss,titular_y_metadatos,"Bancos,Banco,Bancos en Panamá",economia,,true,2026-08-28T18:15:25Z
N-009b376481c1,Idaan amplía proyectos de agua potable en Changuinola y otros puntos de Bocas del Toro,https://www.tvn-2.com/nacionales/provincias/idaan-amplia-proyectos-agua-potable_1_2264829.html,TVN,es,2026-10-07T23:10:15Z,2026-10-08T18:41:07Z,2026-10-08T18:41:07Z,,tvn_rss,titular_y_metadatos,"Trabajos Idaan,Autoridades,Bocas del Toro",nacionales,,false,2026-10-07T23:10:15Z
N-0010cce1a4c0,TVN Media firma alianza con el Concurso Nacional de Oratoria 2024,https://www.tvn-2.com/videos/noticias/video-ext-tvn-media-firma-alianza-concurso_7_2163037.html,TVN,es,2024-10-30T00:11:16Z,2026-10-08T18:41:07Z,2026-10-08T18:41:07Z,,tvn_rss,titular_y_metadatos,"TVN Media,Concurso Nacional de Oratoria,Convenio",videos,,true,2024-10-30T00:11:16Z
N-8284c5683cae,Inicia segunda fase del softbol de 50 años en P. Este,https://www.critica.com.pa/deportes/inicia-segunda-fase-del-softbol-de-50-anos-en-p-este-517733,critica.com.pa,es,,2026-10-08T05:30:00Z,2026-10-08T18:44:05Z,general,gdelt_doc,titular_y_metadatos,,,Panama,false,2026-10-08T05:30:00Z
N-13dd7d47059a,Los ingleses Henley & Partners celebran su negocio de ciudadanías argentinas,https://urgente24.com/actualidad/los-ingleses-henley-partners-celebran-su-negocio-ciudadanias-argentinas-n634313,urgente24.com,es,,2026-10-08T05:30:00Z,2026-10-08T21:58:20Z,economia,gdelt_doc,titular_y_metadatos,,,Argentina,false,2026-10-08T05:30:00Z
N-0c22e7ead9bc,Selección Mayor Femenina de Fútbol inicia concentración,https://www.critica.com.pa/deportes/seleccion-mayor-femenina-de-futbol-inicia-concentracion-517730,critica.com.pa,es,,2026-10-08T05:30:00Z,2026-10-08T18:44:05Z,general,gdelt_doc,titular_y_metadatos,,,Panama,false,2026-10-08T05:30:00Z
N-f6491b8c9f6a,Restauranteros piden reforzar seguridad en Culiacán; Gobierno revisará avances en 30 días,https://lineadirectaportal.com/sinaloa/restauranteros-piden-reforzar-seguridad-en-culiacan-gobierno-revisara-avances-en-30-dias-2026-10-05__1714906,lineadirectaportal.com,es,2026-10-05T00:00:00Z,2026-10-06T08:30:00Z,2026-10-08T21:58:20Z,economia,gdelt_doc,titular_y_metadatos,,,Mexico,false,2026-10-05T00:00:00Z
N-f01abb1ca2c8,Central America Trade Squeeze | Global Finance Magazine,https://gfmag.com/economics-policy-regulation/central-america-trade-squeeze,gfmag.com,en,,2026-10-06T08:30:00Z,2026-10-08T21:58:20Z,economia,gdelt_doc,titular_y_metadatos,,,China,false,2026-10-06T08:30:00Z
N-a71293e7e88c,The Duality of Latin America FDI | Global Finance Magazine,https://gfmag.com/capital-raising-corporate-finance/duality-latin-america-foreign-direct-investments,gfmag.com,en,,2026-10-06T08:30:00Z,2026-10-08T21:58:20Z,economia,gdelt_doc,titular_y_metadatos,,,China,false,2026-10-06T08:30:00Z
N-22bfb01c55f3,"Sri Lanka, India to be excluded from Israel private construction recruitment from 2027 - Breaking News",https://www.dailymirror.lk/latest-news/Sri-Lanka-India-to-be-excluded-from-Israel-private-construction-recruitment-from-2027/342-351837,dailymirror.lk,en,,2026-10-06T08:30:00Z,2026-10-08T21:58:20Z,economia,gdelt_doc,titular_y_metadatos,,,Sri Lanka,false,2026-10-06T08:30:00Z
N-f62a15cc0223,"Canada child, forced labour risk imports hit $63B in 2025",https://www.insideottawavalley.com/news/world-vision-canada-risky-imports-2026-report/article_31a4993f-1c7a-5910-9f1c-29e9789880d4.html,insideottawavalley.com,en,,2026-10-02T10:45:00Z,2026-10-08T21:58:20Z,economia,gdelt_doc,titular_y_metadatos,,,Canada,false,2026-10-02T10:45:00Z
N-ea345f69b1c5,Intensifying El Nino deepens economic risks across LatAm,http://www.afghanistannews.net/news/279346957/intensifying-el-nino-deepens-economic-risks-across-latam,afghanistannews.net,en,,2026-10-02T10:00:00Z,2026-10-08T21:58:20Z,economia,gdelt_doc,titular_y_metadatos,,,Afghanistan,false,2026-10-02T06:15:00Z
N-6995afb03d09,newsroomamerica. com,https://newsroomamerica.com/?before=111895,newsroomamerica.com,en,,2026-10-02T10:00:00Z,2026-10-08T21:58:20Z,economia,gdelt_doc,titular_y_metadatos,,,United States,false,2026-10-01T22:15:00Z
N-ad0ff8061684,Magistrados del TE rechazan últimos cambios a las reformas,https://www.panamaamerica.com.pa/nacion/magistrados-del-te-rechazan-ultimos-cambios-las-reformas-1266979,panamaamerica.com.pa,es,,2026-10-02T09:30:00Z,2026-10-08T18:44:05Z,general,gdelt_doc,titular_y_metadatos,,,Panama,false,2026-10-02T09:30:00Z
N-7b43c52ddd84,Rector de la UP elevará excelencia y vinculará a sectores productivos,https://www.panamaamerica.com.pa/nacion/rector-de-la-elevara-excelencia-y-vinculara-sectores-productivos-1266980,panamaamerica.com.pa,es,,2026-10-02T09:30:00Z,2026-10-08T18:44:05Z,general,gdelt_doc,titular_y_metadatos,,,Panama,false,2026-10-02T09:30:00Z
N-41fa87e52c43,Intensifying El Nino deepens economic risks across LatAm,http://www.oklahomastar.com/news/279346957/intensifying-el-nino-deepens-economic-risks-across-latam,oklahomastar.com,en,,2026-10-02T09:15:00Z,2026-10-08T21:58:20Z,economia,gdelt_doc,titular_y_metadatos,,,United States,false,2026-10-02T06:15:00Z
N-6cec5988db38,Intensifying El Nino deepens economic risks across LatAm,http://www.texasguardian.com/news/279346957/intensifying-el-nino-deepens-economic-risks-across-latam,texasguardian.com,en,,2026-10-02T08:45:00Z,2026-10-08T21:58:20Z,economia,gdelt_doc,titular_y_metadatos,,,United States,false,2026-10-02T06:15:00Z
N-c6484b2dd2ac,Embajada rusa investigará envío de dominicanos a la guerra con Ucrania,https://listindiario.com/la-republica/20261002/embajada-rusa-investigara-envio-dominicanos-guerra-ucrania_924586.html,listindiario.com,es,,2026-10-02T08:30:00Z,2026-10-08T21:58:20Z,economia,gdelt_doc,titular_y_metadatos,,,United States,false,2026-10-02T08:30:00Z
N-aba41071b4e5,World Insights: Intensifying El Nino deepens economic risks across LatAm,http://www.trinidadtimes.com/news/279347044/world-insights-intensifying-el-nino-deepens-economic-risks-across-latam,trinidadtimes.com,en,,2026-10-02T08:15:00Z,2026-10-08T21:58:20Z,economia,gdelt_doc,titular_y_metadatos,,,Trinidad and Tobago,false,2026-10-02T06:45:00Z
N-8a855d3a5ade,Intensifying El Nino deepens economic risks across LatAm,http://www.argentinastar.com/news/279346957/intensifying-el-nino-deepens-economic-risks-across-latam,argentinastar.com,en,,2026-10-02T08:15:00Z,2026-10-08T21:58:20Z,economia,gdelt_doc,titular_y_metadatos,,,Argentina,false,2026-10-02T06:15:00Z
N-7e5b6210df00,"Panamá apunta a salir de la lista fiscal de la Unión Europea, pero aún enfrenta una revisión clave en 2027",https://www.prensa.com/economia/panama-apunta-a-salir-de-la-lista-fiscal-de-la-union-europea-pero-aun-enfrenta-una-revision-clave-en-2027,prensa.com,es,,2026-10-02T08:15:00Z,2026-10-08T18:44:05Z,general,gdelt_doc,titular_y_metadatos,,,Panama,false,2026-10-02T08:15:00Z
N-7608fdd9e47b,Intensifying El Nino deepens economic risks across LatAm,http://www.trinidadtimes.com/news/279346957/intensifying-el-nino-deepens-economic-risks-across-latam,trinidadtimes.com,en,,2026-10-02T08:15:00Z,2026-10-08T21:58:20Z,economia,gdelt_doc,titular_y_metadatos,,,Trinidad and Tobago,false,2026-10-02T06:15:00Z
N-4bc6fbfbdada,Intensifying El Nino deepens economic risks across LatAm,http://www.zimbabwestar.com/news/279346957/intensifying-el-nino-deepens-economic-risks-across-latam,zimbabwestar.com,en,,2026-10-02T08:15:00Z,2026-10-08T21:58:20Z,economia,gdelt_doc,titular_y_metadatos,,,Zimbabwe,false,2026-10-02T06:15:00Z
N-2d9fd125ae2f,Confabulario,https://www.panamaamerica.com.pa/confabulario/confabulario-1266984,panamaamerica.com.pa,es,,2026-10-02T08:15:00Z,2026-10-08T18:44:05Z,general,gdelt_doc,titular_y_metadatos,,,Panama,false,2026-09-29T05:30:00Z
N-cdd27a09d4c0,Intensifying El Nino deepens economic risks across LatAm,http://www.russiaherald.com/news/279346957/intensifying-el-nino-deepens-economic-risks-across-latam,russiaherald.com,en,,2026-10-02T08:00:00Z,2026-10-08T21:58:20Z,economia,gdelt_doc,titular_y_metadatos,,,Russia,false,2026-10-02T06:15:00Z
N-accb0e021a68,Intensifying El Nino deepens economic risks across LatAm,http://www.massachusettssun.com/news/279346957/intensifying-el-nino-deepens-economic-risks-across-latam,massachusettssun.com,en,,2026-10-02T08:00:00Z,2026-10-08T21:58:20Z,economia,gdelt_doc,titular_y_metadatos,,,United States,false,2026-10-02T06:15:00Z
N-a87febb04ef0,¡DOS APREHENDIDOS EN OPERATIVOS! Uno tenía una condena de 60 meses y otro fue sorprendido en un presunto hurto,https://www.midiario.com/policiales/dos-aprehendidos-en-operativos-uno-tenia-una-condena-de-60-meses-y-otro-fue-sorprendido-en-un-presunto-hurto,midiario.com,es,,2026-10-02T08:00:00Z,2026-10-08T18:44:05Z,general,gdelt_doc,titular_y_metadatos,,,Panama,false,2026-10-02T08:00:00Z
N-9ff28e293ca9,Intensifying El Nino deepens economic risks across LatAm,http://www.oklahomacitysun.com/news/279346957/intensifying-el-nino-deepens-economic-risks-across-latam,oklahomacitysun.com,en,,2026-10-02T08:00:00Z,2026-10-08T21:58:20Z,economia,gdelt_doc,titular_y_metadatos,,,United States,false,2026-10-02T06:15:00Z
N-5123e66d9b69,Las detenciones en China golpean al registro de naves; la industria apela a acuerdo,https://www.panamaamerica.com.pa/economia/las-detenciones-en-china-golpean-al-registro-de-naves-la-industria-apela-acuerdo-1266987,panamaamerica.com.pa,es,,2026-10-02T08:00:00Z,2026-10-08T18:44:05Z,general,gdelt_doc,titular_y_metadatos,,,Panama,false,2026-10-02T08:00:00Z
N-492273ddbdec,Intensifying El Nino deepens economic risks across LatAm,http://www.africaleader.com/news/279346957/intensifying-el-nino-deepens-economic-risks-across-latam,africaleader.com,en,,2026-10-02T08:00:00Z,2026-10-08T21:58:20Z,economia,gdelt_doc,titular_y_metadatos,,,South Africa,false,2026-10-02T06:15:00Z
N-37f369f97452,Primeras Damas se reúnen para impulsar proyecto,https://www.panamaamerica.com.pa/variedades/primeras-damas-se-reunen-para-impulsar-proyecto-1266991,panamaamerica.com.pa,es,,2026-10-02T08:00:00Z,2026-10-08T18:44:05Z,general,gdelt_doc,titular_y_metadatos,,,Panama,false,2026-10-02T08:00:00Z
N-25f548572e91,¿Cómo se fija el precio del combustible en Panamá? El MEF explica la fórmula quincenal,https://www.panamaamerica.com.pa/sociedad/como-se-fija-el-precio-del-combustible-en-panama-el-mef-explica-la-formula-quincenal,panamaamerica.com.pa,es,,2026-10-02T08:00:00Z,2026-10-08T18:44:05Z,general,gdelt_doc,titular_y_metadatos,,,Panama,false,2026-10-02T08:00:00Z
N-1cccdecc17b5,Déficit de personal limita la capacidad operativa de los bomberos en el país,https://www.panamaamerica.com.pa/sociedad/deficit-de-personal-limita-la-capacidad-operativa-de-los-bomberos-en-el-pais-1266986,panamaamerica.com.pa,es,,2026-10-02T08:00:00Z,2026-10-08T18:44:05Z,general,gdelt_doc,titular_y_metadatos,,,Panama,false,2026-10-02T08:00:00Z
N-6016ba6021a1,Intensifying El Nino deepens economic risks across LatAm,http://www.jamaicantimes.com/news/279346957/intensifying-el-nino-deepens-economic-risks-across-latam,jamaicantimes.com,en,,2026-10-02T07:45:00Z,2026-10-08T21:58:20Z,economia,gdelt_doc,titular_y_metadatos,,,Jamaica,false,2026-10-02T06:15:00Z
N-33bf4c83bea6,Intensifying El Nino deepens economic risks across LatAm,http://www.irishsun.com/news/279346957/intensifying-el-nino-deepens-economic-risks-across-latam,irishsun.com,en,,2026-10-02T07:45:00Z,2026-10-08T21:58:20Z,economia,gdelt_doc,titular_y_metadatos,,,Ireland,false,2026-10-02T06:15:00Z
N-0c83b0b49ebb,newsroomamerica. com,https://newsroomamerica.com/?before=111894,newsroomamerica.com,en,,2026-10-02T07:45:00Z,2026-10-08T21:58:20Z,economia,gdelt_doc,titular_y_metadatos,,,United States,false,2026-10-01T22:15:00Z
N-7548234a74c2,¿Por qué está cayendo la Bolsa?,https://www.eleconomista.com.mx/opinion/cayendo-bolsa-20261002-836482.html,eleconomista.com.mx,es,,2026-10-02T07:30:00Z,2026-10-08T21:58:20Z,economia,gdelt_doc,titular_y_metadatos,,,Mexico,false,2026-10-02T07:30:00Z
N-146a6a8102bd,"세계 1위 경유 수출국 美, 수출 멈추면 전 세계 충격 불가피",https://www.fnnews.com/news/202610021305039187,fnnews.com,ko,,2026-10-02T07:30:00Z,2026-10-08T21:58:20Z,economia,gdelt_doc,titular_y_metadatos,,,South Korea,true,2026-09-12T14:15:00Z
N-0969f8653207,World Insights: Intensifying El Nino deepens economic risks across LatAm - Xinhua,https://english.news.cn/20261002/3ed0d41ec72b4abab6a0f33ec809c6f3/c.html,english.news.cn,en,,2026-10-02T07:30:00Z,2026-10-08T21:58:20Z,economia,gdelt_doc,titular_y_metadatos,,,,false,2026-10-02T07:30:00Z
N-01f4fee8f864,Intensifying El Nino deepens economic risks across LatAm,http://www.thailandnews.net/news/279346957/intensifying-el-nino-deepens-economic-risks-across-latam,thailandnews.net,en,,2026-10-02T07:30:00Z,2026-10-08T21:58:20Z,economia,gdelt_doc,titular_y_metadatos,,,Thailand,false,2026-10-02T06:15:00Z
N-e9fe9757b822,World Insights: Intensifying El Nino deepens economic risks across LatAm,http://www.bignewsnetwork.com/news/279347044/world-insights-intensifying-el-nino-deepens-economic-risks-across-latam,bignewsnetwork.com,en,,2026-10-02T06:45:00Z,2026-10-08T21:58:20Z,economia,gdelt_doc,titular_y_metadatos,,,United States,false,2026-10-02T06:45:00Z
N-dabad2e0a8dd,Трамп перенаправил военную помощь из Европы: куда пойдут $52 млн,https://news.mail.ru/society/72575851,news.mail.ru,ru,,2026-10-02T06:45:00Z,2026-10-08T21:58:20Z,economia,gdelt_doc,titular_y_metadatos,,,Russia,false,2026-10-02T06:45:00Z
N-d6b4d86d3dcb,Exportaciones de banano superan los $17 millones en junio y marcan recuperación,https://www.laestrella.com.pa/economia/exportaciones-de-banano-superan-los-17-millones-en-junio-y-marcan-recuperacion-AA26156723,laestrella.com.pa,es,,2026-10-02T06:45:00Z,2026-10-08T18:44:05Z,general,gdelt_doc,titular_y_metadatos,,,Panama,false,2026-10-02T06:45:00Z
N-c2dd6dea9430,Intensifying El Nino deepens economic risks across LatAm,http://www.newzealandstar.com/news/279346957/intensifying-el-nino-deepens-economic-risks-across-latam,newzealandstar.com,en,,2026-10-02T06:45:00Z,2026-10-08T21:58:20Z,economia,gdelt_doc,titular_y_metadatos,,,New Zealand,false,2026-10-02T06:15:00Z
N-2d65e2fc19f9,Intensifying El Nino deepens economic risks across LatAm,http://www.bignewsnetwork.com/news/279346957/intensifying-el-nino-deepens-economic-risks-across-latam,bignewsnetwork.com,en,,2026-10-02T06:45:00Z,2026-10-08T21:58:20Z,economia,gdelt_doc,titular_y_metadatos,,,United States,false,2026-10-02T06:15:00Z
N-02fbf10aa64f,"Banca local: Nuevos créditos crecen 4% a agosto, pero hipotecas y construcción caen",https://www.laestrella.com.pa/economia/banca-local-nuevos-creditos-crecen-4-a-agosto-pero-hipotecas-y-construccion-caen-JA26156618,laestrella.com.pa,es,,2026-10-02T06:45:00Z,2026-10-08T18:44:05Z,general,gdelt_doc,titular_y_metadatos,,,Panama,false,2026-10-02T06:45:00Z
N-44d364d2d26a,Intensifying El Nino deepens economic risks across LatAm,http://www.mainemirror.com/news/279346957/intensifying-el-nino-deepens-economic-risks-across-latam,mainemirror.com,en,,2026-10-02T06:30:00Z,2026-10-08T21:58:20Z,economia,gdelt_doc,titular_y_metadatos,,,United States,false,2026-10-02T06:15:00Z
N-849e70da922c,Intensifying El Nino deepens economic risks across LatAm,http://www.britainnews.net/news/279346957/intensifying-el-nino-deepens-economic-risks-across-latam,britainnews.net,en,,2026-10-02T06:15:00Z,2026-10-08T21:58:20Z,economia,gdelt_doc,titular_y_metadatos,,,United Kingdom,false,2026-10-02T06:15:00Z
N-58d82b74b85a,Kęstutis Mažeika siūlo dar labiau griežtinti susijusių asmenų dirbamos žemės pirkimą,https://klaipeda.diena.lt/naujienos/verslas/ekonomika/kestutis-mazeika-siulo-dar-labiau-grieztinti-susijusiu-asmenu-dirbamos-zemes-pirkima-1777205,klaipeda.diena.lt,lithuanian,,2026-10-02T05:45:00Z,2026-10-08T21:58:20Z,economia,gdelt_doc,titular_y_metadatos,,,Lithuania,false,2026-10-02T05:45:00Z
N-0a5be791b097,newsroomamerica. com,https://newsroomamerica.com/?before=111893,newsroomamerica.com,en,,2026-10-02T05:45:00Z,2026-10-08T21:58:20Z,economia,gdelt_doc,titular_y_metadatos,,,United States,false,2026-10-01T22:15:00Z
N-b81379f8faeb,간과해선 안 될 알래스카 투자 리스크 [포럼],https://www.munhwa.com:443/article/11621056,munhwa.com,ko,,2026-10-02T04:30:00Z,2026-10-08T21:58:20Z,economia,gdelt_doc,titular_y_metadatos,,,,false,2026-10-02T04:30:00Z
N-9ae4706ee843,Fredy Toc domina el Alto de La Vigía y asume el liderato del Tour de Panamá 2026,https://www.diaadia.com.pa/deportes/fredy-toc-domina-el-alto-de-la-vigia-y-asume-el-liderato-del-tour-de-panama-2026-791825,diaadia.com.pa,es,,2026-10-02T04:30:00Z,2026-10-08T18:44:05Z,general,gdelt_doc,titular_y_metadatos,,,Panama,false,2026-10-02T04:30:00Z
N-8daaf1022b39,"La sociedad se corrió a la derecha, pero valora el rol del Estado y la justicia social",http://www.eldestapeweb.com/politica/sociedad-corrio-derecha-valora-rol-estado-justicia-social-20261020534,eldestapeweb.com,es,,2026-10-02T04:15:00Z,2026-10-08T21:58:20Z,economia,gdelt_doc,titular_y_metadatos,,,Argentina,false,2026-10-02T04:15:00Z
N-d0819b0c8565,South Korea kicks off US investment plan with $22. 3 billion Texas power project,https://asianews.network/south-korea-kicks-off-us-investment-plan-with-22-3-billion-texas-power-project,asianews.network,en,,2026-10-02T03:45:00Z,2026-10-08T21:58:20Z,economia,gdelt_doc,titular_y_metadatos,,,China,false,2026-10-02T03:45:00Z
N-963d516417fa,El abrir para cerrar de la mina de cobre genera dudas y cuestionamientos en el frente ambiental y financiero,https://www.prensa.com/economia/cobre-panama-el-abrir-para-cerrar-genera-dudas-y-cuestionamientos-en-el-frente-ambiental-y-financiero,prensa.com,es,,2026-10-02T03:45:00Z,2026-10-08T18:44:05Z,general,gdelt_doc,titular_y_metadatos,,,Panama,false,2026-10-02T03:45:00Z
N-30834167b76a,САЩ укрепват отбраната и пренасочват военна помощ,https://fakti.bg/world/1085514-sasht-ukrepvat-otbranata-si-i-prenasochvat-voenna-pomosht,fakti.bg,bulgarian,,2026-10-02T03:45:00Z,2026-10-08T21:58:20Z,economia,gdelt_doc,titular_y_metadatos,,,Bulgaria,false,2026-10-02T03:45:00Z
N-25d416a9b607,Las manzanas de Sodoma o la ilusión minera,https://www.prensa.com/opinion/las-manzanas-de-sodoma-o-la-ilusion-minera,prensa.com,es,,2026-10-02T03:45:00Z,2026-10-08T18:44:05Z,general,gdelt_doc,titular_y_metadatos,,,Panama,false,2026-10-02T03:45:00Z
N-1bf13edf246c,El Alzheimer no sabe que septiembre ha terminado,https://www.prensa.com/opinion/el-alzheimer-no-sabe-que-septiembre-ha-terminado,prensa.com,es,,2026-10-02T03:45:00Z,2026-10-08T18:44:05Z,general,gdelt_doc,titular_y_metadatos,,,Panama,false,2026-10-02T03:45:00Z
N-18b69feaf74f,"Canal de Panamá manejará presupuesto de B /. 5, 555 millones para 2027",https://www.critica.com.pa/nacional/canal-de-panama-manejara-presupuesto-de-b5555-millones-para-2027-517398,critica.com.pa,es,,2026-10-02T03:45:00Z,2026-10-08T18:44:05Z,general,gdelt_doc,titular_y_metadatos,,,Panama,false,2026-10-02T03:45:00Z
N-ea284f4c2b84,"El BID moviliza proyectos por US$84. 000 millones desde Miami: Quiero cerrar acuerdos que beneficien a América Latina, dice su nuevo director",https://www.elobservador.com.uy/estados-unidos/economia/el-bid-moviliza-proyectos-us84000-millones-miami-quiero-cerrar-acuerdos-que-beneficien-america-latina-dice-su-nuevo-director-n6059098,elobservador.com.uy,es,,2026-10-02T03:15:00Z,2026-10-08T21:58:20Z,economia,gdelt_doc,titular_y_metadatos,,,Uruguay,false,2026-10-02T03:15:00Z
N-cea438514e2b,"Tras el disparo, llega la imputación: Mujer de 20 años queda detenida provisionalmente por el crimen del tatuador de Pedregal + VIDEOS",https://www.midiario.com/policiales/tras-el-disparo-llega-la-imputacion-mujer-de-20-anos-queda-detenida-provisionalmente-por-el-crimen-del-tatuador-de-pedregal,midiario.com,es,,2026-10-02T03:15:00Z,2026-10-08T18:44:05Z,general,gdelt_doc,titular_y_metadatos,,,Panama,false,2026-10-02T03:15:00Z
N-ccc10d1326b7,Nueva combinación terapéutica mejora supervivencia en pacientes con cáncer renal avanzado,https://www.midiario.com/mundo/nueva-combinacion-terapeutica-mejora-supervivencia-en-pacientes-con-cancer-renal-avanzado,midiario.com,es,,2026-10-02T03:15:00Z,2026-10-08T18:44:05Z,general,gdelt_doc,titular_y_metadatos,,,Panama,false,2026-10-02T03:15:00Z
N-1f8842579757,No es necesario: Orman Innis cuestiona a Susan Castillo por publicar su chequeo ginecológico + VÍDEO,https://www.midiario.com/farandula/no-es-necesario-orman-innis-cuestiona-a-susan-castillo-por-publicar-su-chequeo-ginecologico,midiario.com,es,,2026-10-02T03:15:00Z,2026-10-08T18:44:05Z,general,gdelt_doc,titular_y_metadatos,,,Panama,false,2026-10-02T03:15:00Z
N-f08f2733f528,Panameños reducen sus comidas diarias por falta de dinero,https://www.hispantv.com/noticias/panama/661502/reducen-comidas-diarias-falta-dinero,hispantv.com,es,,2026-10-02T03:00:00Z,2026-10-08T21:58:20Z,economia,gdelt_doc,titular_y_metadatos,,,Syria,false,2026-10-02T03:00:00Z
N-fbcc9e5a020b,Reconocen a promotores de turismo; gobernadora entrega premio Orgullo Sinaloense 2026,https://lineadirectaportal.com/sinaloa/reconocen-a-promotores-de-turismo-gobernadora-entrega-premio-orgullo-sinaloense-2026-2026-10-01__1712680,lineadirectaportal.com,es,2026-10-01T00:00:00Z,2026-10-02T02:45:00Z,2026-10-08T21:58:20Z,economia,gdelt_doc,titular_y_metadatos,,,Mexico,false,2026-10-01T00:00:00Z
N-b976e5b68f91,Vente Venezuela: María Corina Machado party stakes its strategy on the uncertain return of its leader | International,https://english.elpais.com/international/2026-10-01/maria-corina-machados-party-stakes-its-strategy-on-the-uncertain-return-of-its-leader.html,english.elpais.com,en,2026-10-01T00:00:00Z,2026-10-02T02:15:00Z,2026-10-08T21:58:20Z,economia,gdelt_doc,titular_y_metadatos,,,Spain,false,2026-10-01T00:00:00Z
N-6ecb18bd184a,Hoy Tamaulipas - Tamaulipas Narro respalda balance de Americo Villarreal,https://hoytamaulipas.net/notas/628688/Narro-respalda-balance-de-Americo-Villarreal.html,hoytamaulipas.net,es,,2026-10-02T02:00:00Z,2026-10-08T21:58:20Z,economia,gdelt_doc,titular_y_metadatos,,,Mexico,false,2026-10-02T02:00:00Z
N-5f01d8ad42d7,newsroomamerica. com,https://newsroomamerica.com/?before=111886,newsroomamerica.com,en,,2026-10-02T01:15:00Z,2026-10-08T21:58:20Z,economia,gdelt_doc,titular_y_metadatos,,,United States,false,2026-10-01T22:15:00Z
N-c712a8d7e426,"WP: США перенаправят в Латинскую Америку $52 млн, выделенные на проекты в Европе",https://news.mail.ru/politics/72573521,news.mail.ru,ru,,2026-10-02T01:00:00Z,2026-10-08T21:58:20Z,economia,gdelt_doc,titular_y_metadatos,,,Russia,false,2026-10-02T01:00:00Z
N-75199f9be0f1,Suspenden clases en escuela Valle de Urracá tras crimen de padre de estudiante,https://www.critica.com.pa/sucesos/suspenden-clases-en-escuela-valle-de-urraca-tras-crimen-de-padre-de-estudiante-517373,critica.com.pa,es,,2026-10-02T00:30:00Z,2026-10-08T18:44:05Z,general,gdelt_doc,titular_y_metadatos,,,Panama,false,2026-10-02T00:30:00Z
N-feb7b27f7be8,A First Fountain that Generates Drinking Water from Air Humidity Inaugurated in La Chorrera.,https://newsroompanama.com/2026/10/01/a-first-fountain-that-generates-drinking-water-from-air-humidity-inaugurated-in-la-chorrera,newsroompanama.com,en,2026-10-01T00:00:00Z,2026-10-02T00:15:00Z,2026-10-08T18:44:05Z,general,gdelt_doc,titular_y_metadatos,,,Panama,false,2026-10-01T00:00:00Z
N-e9d77591bac3,An Academic Transformation is Proposed by the New Rector of the University of Panama.,https://newsroompanama.com/2026/10/01/an-academic-transformation-is-proposed-by-the-new-rector-of-the-university-of-panama,newsroompanama.com,en,2026-10-01T00:00:00Z,2026-10-02T00:15:00Z,2026-10-08T18:44:05Z,general,gdelt_doc,titular_y_metadatos,,,Panama,false,2026-10-01T00:00:00Z
N-da3c56ca2c74,Medicines Sent by Drone to Indigenous Areas of Panama from the UN and the Barça Foundation.,https://newsroompanama.com/2026/10/01/medicines-sent-by-drone-to-indigenous-areas-of-panama-from-the-un-and-the-barca-foundation,newsroompanama.com,en,2026-10-01T00:00:00Z,2026-10-02T00:15:00Z,2026-10-08T18:44:05Z,general,gdelt_doc,titular_y_metadatos,,,Panama,false,2026-10-01T00:00:00Z
N-7993d2b1f3b7,newsroomamerica. com,https://newsroomamerica.com/?before=111885,newsroomamerica.com,en,,2026-10-02T00:15:00Z,2026-10-08T21:58:20Z,economia,gdelt_doc,titular_y_metadatos,,,United States,false,2026-10-01T22:15:00Z
N-844ff55749a2,Veracruz entra en toque de queda y estos son los horarios para menores y adultos,https://www.diaadia.com.pa/el-pais/veracruz-entra-en-toque-de-queda-y-estos-son-los-horarios-para-menores-y-adultos-791823,diaadia.com.pa,es,,2026-10-02T00:00:00Z,2026-10-08T18:44:05Z,general,gdelt_doc,titular_y_metadatos,,,Panama,false,2026-10-02T00:00:00Z
N-2fdf3f6d899b,Cobre Panamá volvería a producir: lo que falta definir es bajo qué modelo,https://www.infobae.com/panama/2026/10/01/cobre-panama-volveria-a-producir-lo-que-falta-definir-es-bajo-que-modelo,infobae.com,es,2026-10-01T00:00:00Z,2026-10-02T00:00:00Z,2026-10-08T21:58:20Z,economia,gdelt_doc,titular_y_metadatos,,,Argentina,false,2026-10-01T00:00:00Z
N-26cefa4637f9,Christiansen explica las carencias de Panamá ante Nueva Zelanda,https://www.diaadia.com.pa/deportes/christiansen-explica-las-carencias-de-panama-ante-nueva-zelanda-791821,diaadia.com.pa,es,,2026-10-02T00:00:00Z,2026-10-08T18:44:05Z,general,gdelt_doc,titular_y_metadatos,,,Panama,false,2026-10-02T00:00:00Z
N-ec489c443bb7,Negocios de Gilinski y de Ecopetrol son claves para Colombia en América Latina,https://www.pulzo.com/economia/negocios-gilinski-ecopetrol-claves-para-colombia-america-latina-PP5319083,pulzo.com,es,,2026-10-01T23:45:00Z,2026-10-08T21:58:20Z,economia,gdelt_doc,titular_y_metadatos,,,Colombia,false,2026-10-01T23:45:00Z
N-f459fe75d799,Preview - Asamblea de Panamá,https://www.asamblea.gob.pa/Noticias/Noticias/COMISION-DE-PRESUPUESTO-AVALA-TRASLADOS-DE-PARTIDAS-,asamblea.gob.pa,es,,2026-10-01T23:30:00Z,2026-10-08T18:44:05Z,general,gdelt_doc,titular_y_metadatos,,,Panama,false,2026-09-29T00:45:00Z
N-edb41ddbaffc,Fiscalía vincula a Los Iluminati con homicidio de agente de Senafront y decomiso de 785 kilos de droga,https://www.prensa.com/judiciales/fiscalia-vincula-a-los-iluminati-con-homicidio-de-agente-de-senafront-y-decomiso-de-785-kilos-de-droga,prensa.com,es,,2026-10-01T23:30:00Z,2026-10-08T18:44:05Z,general,gdelt_doc,titular_y_metadatos,,,Panama,false,2026-10-01T23:30:00Z
N-da296e3e604b,El desafío de transformar la política panameña,https://www.prensa.com/opinion/el-desafio-de-transformar-la-politica-panamena,prensa.com,es,,2026-10-01T23:30:00Z,2026-10-08T18:44:05Z,general,gdelt_doc,titular_y_metadatos,,,Panama,false,2026-10-01T23:30:00Z
N-c70e94f905d2,Thomas Christiansen reconoce falencias de Panamá y valora a los jóvenes en la gira,https://www.prensa.com/deportes/thomas-christiansen-reconoce-falencias-de-panama-y-valora-a-los-jovenes-en-la-gira,prensa.com,es,,2026-10-01T23:30:00Z,2026-10-08T18:44:05Z,general,gdelt_doc,titular_y_metadatos,,,Panama,false,2026-10-01T23:30:00Z
N-8be4d869a3a7,Tribunal Electoral rechaza cambios de la Asamblea al proyecto de reformas al Código Electoral,https://www.panamaamerica.com.pa/politica/tribunal-electoral-rechaza-cambios-de-la-asamblea-al-proyecto-de-reformas-al-codigo,panamaamerica.com.pa,es,,2026-10-01T23:30:00Z,2026-10-08T18:44:05Z,general,gdelt_doc,titular_y_metadatos,,,Panama,false,2026-10-01T23:30:00Z
N-8b3ae10841e0,"Qué hacer en Panamá: cultura, música y actividades recreativas",https://www.prensa.com/vivir/que-hacer-en-panama-cultura-musica-y-actividades-recreativas,prensa.com,es,,2026-10-01T23:30:00Z,2026-10-08T18:44:05Z,general,gdelt_doc,titular_y_metadatos,,,Panama,false,2026-10-01T23:30:00Z
N-7cd61013f45b,¿Cómo se fija el precio del combustible en Panamá? El MEF explica la fórmula quincenal tras aprobarse nuevo subsidio,https://www.panamaamerica.com.pa/sociedad/como-se-fija-el-precio-del-combustible-en-panama-el-mef-explica-la-formula-quincenal-tras,panamaamerica.com.pa,es,,2026-10-01T23:30:00Z,2026-10-08T18:44:05Z,general,gdelt_doc,titular_y_metadatos,,,Panama,false,2026-10-01T23:30:00Z
N-78827c51559b,newsroomamerica. com,https://newsroomamerica.com/?before=111881,newsroomamerica.com,en,,2026-10-01T23:30:00Z,2026-10-08T21:58:20Z,economia,gdelt_doc,titular_y_metadatos,,,United States,false,2026-10-01T22:15:00Z
N-6570ab2b4dde,El Tribunal Electoral rechaza categóricamente los cambios a la ley electoral y los llama retrocesos,https://www.prensa.com/politica/el-tribunal-electoral-rechaza-categoricamente-los-cambios-a-la-ley-electoral-y-los-llama-retrocesos,prensa.com,es,,2026-10-01T23:30:00Z,2026-10-08T18:44:05Z,general,gdelt_doc,titular_y_metadatos,,,Panama,false,2026-10-01T23:30:00Z
N-3eb095794a28,"La banane, une success story mondiale menacée? - Chronique des matières premières",https://www.rfi.fr/fr/podcasts/chronique-des-mati%C3%A8res-premi%C3%A8res/20261001-la-banane-une-success-story-mondiale-menac%C3%A9e,rfi.fr,fr,,2026-10-01T23:30:00Z,2026-10-08T21:58:20Z,economia,gdelt_doc,titular_y_metadatos,,,France,false,2026-10-01T23:30:00Z
N-3caa90ccd905,Paraguas a mano: lluvias y tormentas seguirán hasta el sábado,https://www.prensa.com/sociedad/lluvias-y-tormentas-seguiran-afectando-a-panama-hasta-el-sabado-3-de-octubre,prensa.com,es,,2026-10-01T23:30:00Z,2026-10-08T18:44:05Z,general,gdelt_doc,titular_y_metadatos,,,Panama,false,2026-10-01T23:30:00Z
N-3bb3bfce36bf,José Caballero y Yankees avanzan a la Serie Divisional para medirse a los Rays de Tampa Bay,https://www.prensa.com/deportes/jose-caballero-y-yankees-avanzan-a-la-serie-divisional-para-medirse-a-los-rays-de-tampa-bay,prensa.com,es,,2026-10-01T23:30:00Z,2026-10-08T18:44:05Z,general,gdelt_doc,titular_y_metadatos,,,Panama,false,2026-10-01T23:30:00Z
N-3a156bd80415,Remembering The False Gloom And Doom Of The 1992 Elections... And The Upcoming Midterms,http://www.zerohedge.com/political/remembering-false-gloom-and-doom-1992-elections-and-upcoming-midterms,zerohedge.com,en,,2026-10-01T23:30:00Z,2026-10-08T21:58:20Z,economia,gdelt_doc,titular_y_metadatos,,,United States,false,2026-10-01T00:00:00Z
N-0a505b83e387,Esto es lo que gana el cuñado del presidente como cónsul en Japón,https://www.prensa.com/politica/esto-es-lo-que-gana-el-cunado-del-presidente-como-consul-en-japon,prensa.com,es,,2026-10-01T23:30:00Z,2026-10-08T18:44:05Z,general,gdelt_doc,titular_y_metadatos,,,Panama,false,2026-10-01T23:30:00Z
N-06e89223a4d5,Preview - Asamblea de Panamá,https://www.asamblea.gob.pa/Noticias/Noticias/FORTALECEN-CONOCIMIENTOS-DE-COLABORADORES-LEGISLATIVOS-EN--TECNICA-LEGISLATIVA,asamblea.gob.pa,es,,2026-10-01T23:30:00Z,2026-10-08T18:44:05Z,general,gdelt_doc,titular_y_metadatos,,,Panama,false,2026-09-29T00:45:00Z
N-b422f83c3990,Viceministro Guevara Mann invita a Uruguay a participar en Foro Económico de América Latina y el Caribe 2027 – Ministerio de Relaciones exteriores,https://mire.gob.pa/viceministro-guevara-mann-invita-a-uruguay-a-participar-en-foro-economico-de-america-latina-y-el-caribe-2027,mire.gob.pa,es,,2026-10-01T23:15:00Z,2026-10-08T18:44:05Z,general,gdelt_doc,titular_y_metadatos,,,Panama,false,2026-10-01T23:15:00Z
N-9bb0aa3d19b0,Cancillería coordina taller regional para promover y fortalecer la justicia juvenil restaurativa – Ministerio de Relaciones exteriores,https://mire.gob.pa/cancilleria-coordina-taller-regional-para-promover-y-fortalecer-la-justicia-juvenil-restaurativa,mire.gob.pa,es,,2026-10-01T23:15:00Z,2026-10-08T18:44:05Z,general,gdelt_doc,titular_y_metadatos,,,Panama,false,2026-10-01T23:15:00Z
N-f711eb77b7e6,¡DEL AIRE AL VASO! Una escuela de La Chorrera convierte la humedad en agua potable.,https://www.midiario.com/nacionales/del-aire-al-vaso-una-escuela-de-la-chorrera-convierte-la-humedad-en-agua-potable,midiario.com,es,,2026-10-01T22:45:00Z,2026-10-08T18:44:05Z,general,gdelt_doc,titular_y_metadatos,,,Panama,false,2026-10-01T22:45:00Z
N-c3bf6c58e3f6,Instructor de banda de música cae con nueve paquetes de presunta droga en La Chorrera,https://www.midiario.com/policiales/instructor-de-banda-de-musica-cae-con-nueve-paquetes-de-presunta-droga-en-la-chorrera,midiario.com,es,,2026-10-01T22:45:00Z,2026-10-08T18:44:05Z,general,gdelt_doc,titular_y_metadatos,,,Panama,false,2026-10-01T22:45:00Z
N-ad2160392862,"Están viendo bien: Lorena Castillo, Marta de Martinelli, Mireya Moscoso, Yazmín de Cortizo y Maricel de Mulino se unen",https://www.midiario.com/farandula/estan-viendo-bien-lorena-castillo-marta-de-martinelli-mireya-moscoso-yazmin-de-cortizo-y-maricel-de-mulino-se-unen,midiario.com,es,,2026-10-01T22:45:00Z,2026-10-08T18:44:05Z,general,gdelt_doc,titular_y_metadatos,,,Panama,false,2026-10-01T22:45:00Z
N-7bfa4afea453,Giovany Herber: la nueva figura que empieza a destacar en la sele,https://www.midiario.com/deportivas/giovany-herber-la-nueva-figura-que-empieza-a-destacar-en-la-sele,midiario.com,es,,2026-10-01T22:45:00Z,2026-10-08T18:44:05Z,general,gdelt_doc,titular_y_metadatos,,,Panama,false,2026-10-01T22:45:00Z
N-5de508b8221d,"Con la fe en alto, Marcela Gándara pone a cantar al Teatro Anayansi en una noche de alabanza",https://www.midiario.com/farandula/con-la-fe-en-alto-marcela-gandara-pone-a-cantar-al-teatro-anayansi-en-una-noche-de-alabanza,midiario.com,es,,2026-10-01T22:45:00Z,2026-10-08T18:44:05Z,general,gdelt_doc,titular_y_metadatos,,,Panama,false,2026-10-01T22:45:00Z
N-54bca8baa5c7,Caen Elian y Neitan: los buscaban por homicidios en San Miguelito,https://www.midiario.com/policiales/caen-elian-y-neitan-los-buscaban-por-homicidios-en-san-miguelito,midiario.com,es,,2026-10-01T22:45:00Z,2026-10-08T18:44:05Z,general,gdelt_doc,titular_y_metadatos,,,Panama,false,2026-10-01T22:45:00Z
N-4fe154dcb219,Nataly Delgado recibe reconocimiento del Gobierno y se alista para unificar coronas en Texas,https://www.midiario.com/deportivas/nataly-delgado-recibe-reconocimiento-del-gobierno-y-se-alista-para-unificar-coronas-en-texas,midiario.com,es,,2026-10-01T22:45:00Z,2026-10-08T18:44:05Z,general,gdelt_doc,titular_y_metadatos,,,Panama,false,2026-10-01T22:45:00Z
N-3fa64b8fad78,José Caballero y los Yankees barren a Boston y avanzan a la Serie Divisional,https://www.midiario.com/deportivas/jose-caballero-y-los-yankees-barren-a-boston-y-avanzan-a-la-serie-divisional,midiario.com,es,,2026-10-01T22:45:00Z,2026-10-08T18:44:05Z,general,gdelt_doc,titular_y_metadatos,,,Panama,false,2026-10-01T22:45:00Z
N-fecade679828,Susan Elizabeth Castillo responde a críticas tras publicar foto en su chequeo ginecológico,https://www.panamaamerica.com.pa/variedades/susan-elizabeth-castillo-responde-criticas-tras-publicar-foto-en-su-chequeo-ginecologico,panamaamerica.com.pa,es,,2026-10-01T22:30:00Z,2026-10-08T18:44:05Z,general,gdelt_doc,titular_y_metadatos,,,Panama,false,2026-10-01T22:30:00Z
N-e95270b461ce,Miguel Lorenzo Fábrega toma posesión como nuevo subadministrador del Canal de Panamá,https://www.panamaamerica.com.pa/sociedad/miguel-lorenzo-fabrega-toma-posesion-como-nuevo-subadministrador-del-canal-de-panama,panamaamerica.com.pa,es,,2026-10-01T22:30:00Z,2026-10-08T18:44:05Z,general,gdelt_doc,titular_y_metadatos,,,Panama,false,2026-10-01T22:30:00Z
N-c652ec99a2ac,چرا جنجال بر سر شمایل مریم مقدس می‌تواند بر انتخابات ریاست‌جمهوری برزیل تاثیر بگذارد ؟,https://www.bbc.com/persian/articles/c6vgygdedqeno,bbc.com,persian,,2026-10-01T22:30:00Z,2026-10-08T21:58:20Z,economia,gdelt_doc,titular_y_metadatos,,,United Kingdom,false,2026-10-01T22:30:00Z
N-c3bbe68493d0,Fredd Matute gana la primera etapa y es líder del Tour de Panamá; Carretero manda en la categoría Máster,https://www.panamaamerica.com.pa/deportes/fredd-matute-gana-la-primera-etapa-y-es-lider-del-tour-de-panama-carretero-manda-en-la,panamaamerica.com.pa,es,,2026-10-01T22:30:00Z,2026-10-08T18:44:05Z,general,gdelt_doc,titular_y_metadatos,,,Panama,false,2026-10-01T22:30:00Z
N-bbb6b0847738,Niños y adolescentes hospitalizados podrán continuar sus estudios con aulas de atención hospitalaria,https://www.panamaamerica.com.pa/sociedad/ninos-y-adolescentes-hospitalizados-podran-continuar-sus-estudios-con-aulas-de-atencion,panamaamerica.com.pa,es,,2026-10-01T22:30:00Z,2026-10-08T18:44:05Z,general,gdelt_doc,titular_y_metadatos,,,Panama,false,2026-10-01T22:30:00Z
N-b10a85aa49f8,Remembering the False Gloom and Doom of the 1992 Elections and the Upcoming Midterms,https://townhall.com/columnists/victordavishanson/2026/10/01/remembering-the-false-gloom-and-doom-of-the-1992-elections-and-the-upcoming-midterms-n2683971,townhall.com,en,2026-10-01T00:00:00Z,2026-10-01T22:30:00Z,2026-10-08T21:58:20Z,economia,gdelt_doc,titular_y_metadatos,,,United States,false,2026-10-01T00:00:00Z
N-826f25bf5062,Llegará a Chihuahua torneo internacional de basquetbol Elite Champions,https://laopcion.com.mx/local/llegara-a-chihuahua-torneo-internacional-de-basquetbol-elite-champions-20261001-528901.html,laopcion.com.mx,es,,2026-10-01T22:30:00Z,2026-10-08T21:58:20Z,economia,gdelt_doc,titular_y_metadatos,,,Mexico,false,2026-10-01T22:30:00Z
N-68c57b12f603,Aduanas decomisa de cigarrillos y ropa falsificada en puestos de control de Chiriquí,https://www.panamaamerica.com.pa/provincias/aduanas-decomisa-de-cigarrillos-y-ropa-falsificada-en-puestos-de-control-de-chiriqui,panamaamerica.com.pa,es,,2026-10-01T22:30:00Z,2026-10-08T18:44:05Z,general,gdelt_doc,titular_y_metadatos,,,Panama,false,2026-10-01T22:30:00Z
N-6153333629d5,BDA recupera $22. 8 millones a agosto y alista su transformación en el Instituto de Fomento Agropecuario,https://www.panamaamerica.com.pa/economia/bda-recupera-228-millones-agosto-y-alista-su-transformacion-en-el-instituto-de-fomento,panamaamerica.com.pa,es,,2026-10-01T22:30:00Z,2026-10-08T18:44:05Z,general,gdelt_doc,titular_y_metadatos,,,Panama,false,2026-10-01T22:30:00Z
N-30d1adda0e12,"Ejecutivo sanciona la Ley 552 del Presupuesto del Canal de Panamá por $5, 555 millones",https://www.panamaamerica.com.pa/economia/ejecutivo-sanciona-la-ley-552-del-presupuesto-del-canal-de-panama-por-5555-millones-1266965,panamaamerica.com.pa,es,,2026-10-01T22:30:00Z,2026-10-08T18:44:05Z,general,gdelt_doc,titular_y_metadatos,,,Panama,false,2026-10-01T22:30:00Z
N-095a7b080989,Localizan los cuerpos de dos rescatistas tras emergencia en el Can de Macho de Monte en Chiriqu,https://www.panamaamerica.com.pa/provincias/localizan-los-cuerpos-de-dos-rescatistas-tras-emergencia-en-el-canon-de-macho-de-monte-en,panamaamerica.com.pa,es,,2026-10-01T22:30:00Z,2026-10-08T18:44:05Z,general,gdelt_doc,titular_y_metadatos,,,Panama,false,2026-10-01T22:30:00Z
N-0a3b33c9d50d,newsroomamerica. com,https://newsroomamerica.com/?before=111871,newsroomamerica.com,en,,2026-10-01T22:15:00Z,2026-10-08T21:58:20Z,economia,gdelt_doc,titular_y_metadatos,,,United States,false,2026-10-01T22:15:00Z
N-f1e0e44c28d7,Mujeres mayores de 40 años podrán hacerse mamografías sin orden médica: conozca los centros,https://www.telemetro.com/nacionales/mujeres-mayores-40-anos-podran-hacerse-mamografias-orden-medica-conozca-los-centros-n6093725,telemetro.com,es,,2026-10-01T22:00:00Z,2026-10-08T18:44:05Z,general,gdelt_doc,titular_y_metadatos,,,Panama,false,2026-10-01T22:00:00Z
N-6616df5d4f08,Nataly Delgado recibe reconocimiento tras conquistar título mundial supermosca de la AMB,https://www.telemetro.com/deportes/nataly-delgado-recibe-reconocimiento-conquistar-titulo-mundial-supermosca-la-amb-n6093735,telemetro.com,es,,2026-10-01T22:00:00Z,2026-10-08T18:44:05Z,general,gdelt_doc,titular_y_metadatos,,,Panama,false,2026-10-01T22:00:00Z
N-585dbcd0c409,José Emilio Moreno asume la rectoría de la UP y anuncia una nueva carrera,https://www.telemetro.com/nacionales/jose-emilio-moreno-asume-la-rectoria-la-up-y-anuncia-una-nueva-carrera-n6093723,telemetro.com,es,,2026-10-01T22:00:00Z,2026-10-08T18:44:05Z,general,gdelt_doc,titular_y_metadatos,,,Panama,false,2026-10-01T22:00:00Z
N-07a6a4238cdc,Falta de contundencia ante Nueva Zelanda evidencia el gran dilema ofensivo de Panamá,https://www.laestrella.com.pa/deportes/futbol/falta-de-contundencia-ante-nueva-zelanda-evidencia-el-gran-dilema-ofensivo-de-panama-MG26139234,laestrella.com.pa,es,,2026-10-01T21:15:00Z,2026-10-08T18:44:05Z,general,gdelt_doc,titular_y_metadatos,,,Panama,false,2026-10-01T21:15:00Z
N-4353a19b1f30,Los 21 países que buscan hacer negocios en El Salvador,https://www.elsalvador.com/dinero-y-negocios/entorno-economico/negocios-inversion-el-salvador/1296343/2026,elsalvador.com,es,,2026-10-01T21:00:00Z,2026-10-08T21:58:20Z,economia,gdelt_doc,titular_y_metadatos,,,United States,false,2026-10-01T21:00:00Z
N-331e09783345,Trump threat to ban diesel exports sets off global alarms | Honolulu Star - Advertiser,https://www.staradvertiser.com/2026/10/01/breaking-news/trumps-threat-to-ban-diesel-exports-sets-off-global-alarms,staradvertiser.com,en,2026-10-01T00:00:00Z,2026-10-01T21:00:00Z,2026-10-08T21:58:20Z,economia,gdelt_doc,titular_y_metadatos,,,United States,false,2026-10-01T00:00:00Z
N-4313161f8a36,Mercedes Moltó explota tras la cancelación del concierto de Ricardo Montaner,https://www.critica.com.pa/show/mercedes-molto-explota-tras-la-cancelacion-del-concierto-de-ricardo-montaner-517357,critica.com.pa,es,,2026-10-01T20:45:00Z,2026-10-08T18:44:05Z,general,gdelt_doc,titular_y_metadatos,,,Panama,false,2026-10-01T20:45:00Z
N-a3dc468c4003,¿Cuándo vuelve a jugar Panamá? Este será su próximo rival después de Nueva Zelanda,https://www.telemetro.com/deportes/cuando-vuelve-jugar-panama-este-sera-su-proximo-rival-despues-nueva-zelanda-n6093697,telemetro.com,es,,2026-10-01T20:15:00Z,2026-10-08T18:44:05Z,general,gdelt_doc,titular_y_metadatos,,,Panama,false,2026-10-01T20:15:00Z
N-14447c0d5d2e,Meduca y CSS firman acuerdo para el programa de Aulas de Atención Hospitalaria,https://www.telemetro.com/nacionales/meduca-y-css-firman-acuerdo-el-programa-aulas-atencion-hospitalaria-n6093708,telemetro.com,es,,2026-10-01T19:45:00Z,2026-10-08T18:44:05Z,general,gdelt_doc,titular_y_metadatos,,,Panama,false,2026-10-01T19:45:00Z
N-57594d746487,Nuevo rector de la UP plantea una gestión enfocada en innovación y modernización,https://www.panamaamerica.com.pa/sociedad/nuevo-rector-de-la-plantea-una-gestion-enfocada-en-innovacion-y-modernizacion-1266957,panamaamerica.com.pa,es,,2026-10-01T19:15:00Z,2026-10-08T18:44:05Z,general,gdelt_doc,titular_y_metadatos,,,Panama,false,2026-10-01T19:15:00Z
N-4f61bebfa4bc,Trump amplía alcance del Escudo de las Américas más allá de la seguridad que enfatiza Cancillería,https://www.elmostrador.cl/noticias/mundo/2026/10/01/trump-amplia-alcance-del-escudo-de-las-americas-mas-alla-de-la-seguridad-que-enfatiza-cancilleria,elmostrador.cl,es,2026-10-01T00:00:00Z,2026-10-01T19:00:00Z,2026-10-08T21:58:20Z,economia,gdelt_doc,titular_y_metadatos,,,Chile,false,2026-10-01T00:00:00Z
N-cfb4443c404b,PHNSY & IMF Welcomes a New Heavy - Lift Crane to Bolster Submarine Readiness,https://seapowermagazine.org/phnsy-imf-welcomes-a-new-heavy-lift-crane-to-bolster-submarine-readiness,seapowermagazine.org,en,,2026-10-01T18:45:00Z,2026-10-08T21:58:20Z,economia,gdelt_doc,titular_y_metadatos,,,United States,false,2026-10-01T18:45:00Z
N-94f1bec3106d,Ecuador pierde en los penaltis ante Japón y se medirá a Panamá,https://www.prensa.com/deportes/ecuador-pierde-en-los-penaltis-ante-japon-en-la-semifinal-de-la-copa-kirin,prensa.com,es,,2026-10-01T18:45:00Z,2026-10-08T18:44:05Z,general,gdelt_doc,titular_y_metadatos,,,Panama,false,2026-10-01T18:45:00Z
N-e78221d046c5,Figuras del PRD reaccionan ante la crisis interna del partido,https://www.panamaamerica.com.pa/politica/figuras-del-prd-reaccionan-ante-la-crisis-interna-del-partido-1266956,panamaamerica.com.pa,es,,2026-10-01T18:30:00Z,2026-10-08T18:44:05Z,general,gdelt_doc,titular_y_metadatos,,,Panama,false,2026-10-01T18:30:00Z
N-b06ae1dd4bfc,Empate que ilusiona: falta el gol y pulir detalles,https://www.panamaamerica.com.pa/deportes/empate-que-ilusiona-falta-el-gol-y-pulir-detalles-1266955,panamaamerica.com.pa,es,,2026-10-01T18:30:00Z,2026-10-08T18:44:05Z,general,gdelt_doc,titular_y_metadatos,,,Panama,false,2026-10-01T18:30:00Z
N-5a5bbb5a7533,"Solo dos ciudades de Centroamérica están entre las mejores 300 del mundo, según ranking",https://www.nacion.com/economia/solo-dos-ciudades-de-centroamerica-estan-entre-las/RB4G6GS7C5H4PAZJXMNR4LIJGI/story,nacion.com,es,,2026-10-01T18:30:00Z,2026-10-08T21:58:20Z,economia,gdelt_doc,titular_y_metadatos,,,United States,false,2026-10-01T18:30:00Z
N-f93b53dbaffa,"FP Live: U. N. Ambassador Mike Waltz on Trump Policies in Iran, Sudan, China, and Russia.",https://foreignpolicy.com/2026/09/30/mike-waltz-trump-global-strategy-iran-sudan-venezuela-china-policy-international-law-united-nations?tpcc=recirc_trending062921,foreignpolicy.com,en,2026-09-30T00:00:00Z,2026-10-01T18:00:00Z,2026-10-08T21:58:20Z,economia,gdelt_doc,titular_y_metadatos,,,United States,false,2026-09-30T00:00:00Z
N-ac4a14b5e38b,Kiev reaping huge profits on EU arms supplies Russian intel,http://www.europesun.com/news/279345948/kiev-reaping-huge-profits-on-eu-arms-supplies-russian-intel,europesun.com,en,,2026-10-01T18:00:00Z,2026-10-08T21:58:20Z,economia,gdelt_doc,titular_y_metadatos,,,Russia,false,2026-10-01T18:00:00Z
N-f71eda7cfa9d,Alcaldía de Panamá reabre Centro de Atención al Contribuyente: horario y trámites disponibles,https://www.telemetro.com/nacionales/alcaldia-panama-reabre-centro-atencion-al-contribuyente-horario-y-tramites-disponibles-n6093692,telemetro.com,es,,2026-10-01T17:30:00Z,2026-10-08T18:44:05Z,general,gdelt_doc,titular_y_metadatos,,,Panama,false,2026-10-01T17:30:00Z
N-f4e88b54a70f,"Kosovo, October 2026 Monthly Forecast: Security Council Report",https://www.securitycouncilreport.org/monthly-forecast/2026-10/kosovo-17.php,securitycouncilreport.org,en,,2026-10-01T17:30:00Z,2026-10-08T21:58:20Z,economia,gdelt_doc,titular_y_metadatos,,,Sudan,false,2026-10-01T17:30:00Z
N-e3ab0a7ff39a,Denuncian presuntas irregularidades en el manejo de fondos en la Alcaldía de Arraiján,https://www.telemetro.com/entrevistas/nacionales/denuncian-presuntas-irregularidades-el-manejo-fondos-la-alcaldia-arraijan-n6093658,telemetro.com,es,,2026-10-01T17:30:00Z,2026-10-08T18:44:05Z,general,gdelt_doc,titular_y_metadatos,,,Panama,false,2026-10-01T17:30:00Z
N-8b37ef953361,Cancillería de Panamá presenta proyecto para ingresar a la Agencia Latinoamericana del Espacio,https://www.telemetro.com/nacionales/cancilleria-panama-presenta-proyecto-ingresar-la-agencia-latinoamericana-del-espacio-n6093696,telemetro.com,es,,2026-10-01T17:30:00Z,2026-10-08T18:44:05Z,general,gdelt_doc,titular_y_metadatos,,,Panama,false,2026-10-01T17:30:00Z
N-73631ad14df4,Former Florida animal control worker arrested after alleged animal torture,https://www.fox13news.com/news/former-florida-animal-control-worker-arrested-after-alleged-animal-torture,fox13news.com,en,,2026-10-01T17:30:00Z,2026-10-08T21:58:20Z,economia,gdelt_doc,titular_y_metadatos,,,United States,false,2026-10-01T17:15:00Z
N-353eec47104b,Experto analiza proyecto que busca regular el servicio de electricidad en Panamá,https://www.telemetro.com/entrevistas/nacionales/experto-analiza-proyecto-que-busca-regular-el-servicio-electricidad-panama-n6093659,telemetro.com,es,,2026-10-01T17:30:00Z,2026-10-08T18:44:05Z,general,gdelt_doc,titular_y_metadatos,,,Panama,false,2026-10-01T17:30:00Z
N-1e8e367e71af,"Women, Peace and Security",https://www.securitycouncilreport.org/monthly-forecast/2026-10/women-peace-and-security-22.php,securitycouncilreport.org,en,,2026-10-01T17:30:00Z,2026-10-08T21:58:20Z,economia,gdelt_doc,titular_y_metadatos,,,Sudan,false,2026-10-01T17:30:00Z
N-1b60c24cbe00,Los riesgos del deber: Mulino lamenta muerte de rescatistas en Macho de Monte,https://www.telemetro.com/nacionales/los-riesgos-del-deber-mulino-lamenta-muerte-rescatistas-macho-monte-n6093699,telemetro.com,es,,2026-10-01T17:30:00Z,2026-10-08T18:44:05Z,general,gdelt_doc,titular_y_metadatos,,,Panama,false,2026-10-01T17:30:00Z
N-1af6371f378c,Lluvias y tormentas esta tarde: ¿Dónde se concentrarán los aguaceros más fuertes?,https://www.telemetro.com/nacionales/lluvias-y-tormentas-esta-tarde-donde-se-concentraran-los-aguaceros-mas-fuertes-n6093698,telemetro.com,es,,2026-10-01T17:30:00Z,2026-10-08T18:44:05Z,general,gdelt_doc,titular_y_metadatos,,,Panama,false,2026-10-01T17:30:00Z
N-8ce89e5a94f3,Former Florida animal control worker arrested after alleged animal torture,https://www.fox35orlando.com/news/former-florida-animal-control-worker-arrested-after-alleged-animal-torture,fox35orlando.com,en,,2026-10-01T17:15:00Z,2026-10-08T21:58:20Z,economia,gdelt_doc,titular_y_metadatos,,,United States,false,2026-10-01T17:15:00Z
N-6ee2c23634fa,"Mister Panamá destituye a David Robles, pero el modelo llega a Tailandia",https://www.critica.com.pa/show/mister-panama-destituye-david-robles-pero-el-modelo-llega-tailandia-517295,critica.com.pa,es,,2026-10-01T17:15:00Z,2026-10-08T18:44:05Z,general,gdelt_doc,titular_y_metadatos,,,Panama,false,2026-10-01T17:15:00Z
N-0cb6e241331c,"Los tres políticos con mejor imagen: Bullrich, Kicillof y Bregman comparten el atributo de honestidad",https://www.perfil.com/noticias/modo-fontevecchia/los-tres-politicos-con-mejor-imagen-bullrich-kicillof-y-bregman-comparten-el-atributo-de-honestidad-modof.phtml,perfil.com,es,,2026-09-29T18:00:00Z,2026-10-08T19:04:40Z,economia,gdelt_doc,titular_y_metadatos,,,Argentina,false,2026-09-29T18:00:00Z
N-093d57cbd381,"Transparencia, IA y cuentas claras: el verdadero imán para que las empresas atraigan capital en América Latina",https://www.panamaamerica.com.pa/economia/transparencia-ia-y-cuentas-claras-el-verdadero-iman-para-que-las-empresas-atraigan-capital,panamaamerica.com.pa,es,,2026-09-29T18:00:00Z,2026-10-08T18:42:54Z,general,gdelt_doc,titular_y_metadatos,,,Panama,false,2026-09-29T18:00:00Z
N-6b5413e103f3,Chilean Legislature Demands Legal Report and Security Protocols from President Kast Regarding Americas Shield Initiative,https://www.elciudadano.com/en/chilean-legislature-demands-legal-report-and-security-protocols-from-president-kast-regarding-americas-shield-initiative/09/29,elciudadano.com,en,,2026-09-29T17:00:00Z,2026-10-08T19:04:40Z,economia,gdelt_doc,titular_y_metadatos,,,,false,2026-09-29T17:00:00Z
N-30559e21891d,"Escudo de las Américas: Cámara exige a Kast informe jurídico, protocolos de inteligencia y documentos suscritos",https://www.elciudadano.com/politica/escudo-de-las-americas-camara-exige-a-kast-informe-juridico-protocolos-de-inteligencia-y-documentos-suscritos/09/29,elciudadano.com,es,,2026-09-29T17:00:00Z,2026-10-08T19:04:40Z,economia,gdelt_doc,titular_y_metadatos,,,,false,2026-09-29T17:00:00Z
N-eb7ec7ddc6aa,Brooklyn Panamanian Community Unveils Little Panama Way On Franklin Ave.,https://www.bkreader.com/non-profit-community/brooklyns-panamanian-community-unveils-little-panama-way-on-franklin-ave-12834798,bkreader.com,en,,2026-09-29T16:15:00Z,2026-10-08T19:04:40Z,economia,gdelt_doc,titular_y_metadatos,,,United States,false,2026-09-29T16:15:00Z
N-6ccfebe68382,"Mármol, Honoris Causa – Universidad APEC, plantea usar educación, inteligencia artificial y poesía para defender al ser humano",https://acento.com.do/actualidad/marmol-honoris-causa-universidad-apec-plantea-usar-educacion-inteligencia-artificial-y-poesia-para-defender-al-ser-humano-9761031.html,acento.com.do,es,,2026-09-29T16:15:00Z,2026-10-08T19:04:40Z,economia,gdelt_doc,titular_y_metadatos,,,Dominican Republic,false,2026-09-29T16:15:00Z
N-63347e61f50a,Andalucía saca a subasta solares e inmuebles sin uso para favorecer la construcción de casi 300 viviendas,https://www.europapress.es/esandalucia/sevilla/noticia-andalucia-saca-subasta-solares-inmuebles-uso-favorecer-construccion-casi-300-viviendas-20260929154431.html,europapress.es,es,,2026-09-29T16:15:00Z,2026-10-08T19:04:40Z,economia,gdelt_doc,titular_y_metadatos,,,Spain,false,2026-09-29T16:15:00Z
N-34dcad4d5db7,EEUU trabaja para celebrar pronto elecciones en Venezuela | Noticias La Tribuna de Albacete,https://www.latribunadealbacete.es/noticia/zebc0f513-9c77-41e3-9dd591ce0e1953a4/202609/eeuu-trabaja-para-celebrar-pronto-elecciones-en-venezuela,latribunadealbacete.es,es,,2026-09-29T15:45:00Z,2026-10-08T19:04:40Z,economia,gdelt_doc,titular_y_metadatos,,,Spain,false,2026-09-29T15:45:00Z
N-e72c1a3b4ee8,Unachi debe $18. 3 millones a la Caja de Seguro Social,https://www.panamaamerica.com.pa/provincias/unachi-debe-183-millones-la-caja-de-seguro-social-1266846,panamaamerica.com.pa,es,,2026-09-29T14:45:00Z,2026-10-08T18:42:54Z,general,gdelt_doc,titular_y_metadatos,,,Panama,false,2026-09-29T05:30:00Z
N-e6d244cd041a,Parque Nacional Coiba recibe embarcación de más de $530 mil para reforzar vigilancia,https://www.telemetro.com/nacionales/parque-nacional-coiba-recibe-embarcacion-mas-530-mil-reforzar-vigilancia-n6093363,telemetro.com,es,,2026-09-29T14:45:00Z,2026-10-08T18:42:54Z,general,gdelt_doc,titular_y_metadatos,,,Panama,false,2026-09-29T14:45:00Z
N-e15b55e7ef4c,Lluvias regresan esta tarde: esto pronostica el IMHPA para Panamá,https://www.telemetro.com/nacionales/lluvias-regresan-esta-tarde-esto-pronostica-el-imhpa-panama-n6093356,telemetro.com,es,,2026-09-29T14:45:00Z,2026-10-08T18:42:54Z,general,gdelt_doc,titular_y_metadatos,,,Panama,false,2026-09-29T14:45:00Z
N-708d946607f6,Black Weekend 2026 en Panamá: conoce cuándo será y qué descuentos encontrarás,https://www.telemetro.com/nacionales/black-weekend-2026-panama-conoce-cuando-sera-y-que-descuentos-encontraras-n6093354,telemetro.com,es,,2026-09-29T14:45:00Z,2026-10-08T18:42:54Z,general,gdelt_doc,titular_y_metadatos,,,Panama,false,2026-09-29T14:45:00Z
N-3d80200c9e25,Cuarto Puente: reanudan trabajos tras subsanar hallazgos de seguridad laboral,https://www.telemetro.com/nacionales/cuarto-puente-reanudan-trabajos-subsanar-hallazgos-seguridad-laboral-n6093360,telemetro.com,es,,2026-09-29T14:45:00Z,2026-10-08T18:42:54Z,general,gdelt_doc,titular_y_metadatos,,,Panama,false,2026-09-29T14:45:00Z
N-3568f9c171b4,Gasolina podría subir y el diésel bajar: esto se conoce sobre los próximos precios,https://www.telemetro.com/nacionales/gasolina-podria-subir-y-el-diesel-bajar-esto-se-conoce-los-proximos-precios-n6093346,telemetro.com,es,,2026-09-29T14:45:00Z,2026-10-08T18:42:54Z,general,gdelt_doc,titular_y_metadatos,,,Panama,false,2026-09-29T14:45:00Z
N-337a2c7f9e6c,La expareja de la actriz Hayden Panettiere solicita la custodia de la hija de ambos,https://www.panamaamerica.com.pa/variedades/la-expareja-de-la-actriz-hayden-panettiere-solicita-la-custodia-de-la-hija-de-ambos,panamaamerica.com.pa,es,,2026-09-29T14:45:00Z,2026-10-08T18:42:54Z,general,gdelt_doc,titular_y_metadatos,,,Panama,false,2026-09-29T14:45:00Z
N-28b2a1f75e7a,MIDA activa plan de emergencia por $8. 2 millones para auxiliar a productores ante El Niño y afectaciones climáticas,https://www.panamaamerica.com.pa/sociedad/mida-activa-plan-de-emergencia-por-82-millones-para-auxiliar-productores-ante-el-nino-y,panamaamerica.com.pa,es,,2026-09-29T14:45:00Z,2026-10-08T18:42:54Z,general,gdelt_doc,titular_y_metadatos,,,Panama,false,2026-09-29T14:45:00Z
N-6d4ec26f25e6,El Gobierno andaluz saca a subasta solares e inmuebles sin uso para favorecer la construcción de casi 300 viviendas,https://www.larazon.es/andalucia/gobierno-andaluz-saca-subasta-solares-inmuebles-uso-favorecer-construccion-casi-300-viviendas_202609296abbc146d5f3ae10c737dd2e.html,larazon.es,es,,2026-09-29T14:30:00Z,2026-10-08T19:04:40Z,economia,gdelt_doc,titular_y_metadatos,,,Spain,false,2026-09-29T14:30:00Z
N-f92b47d87e7d,EEUU trabaja para celebrar pronto elecciones en Venezuela | Noticias Diario de Ávila,https://www.diariodeavila.es/noticia/zebc0f513-9c77-41e3-9dd591ce0e1953a4/202609/eeuu-trabaja-para-celebrar-pronto-elecciones-en-venezuela,diariodeavila.es,es,,2026-09-29T12:45:00Z,2026-10-08T19:04:40Z,economia,gdelt_doc,titular_y_metadatos,,,Spain,false,2026-09-29T12:45:00Z
N-6ef375aef474,Latin America mining risks carry $54B price tag,https://www.mining.com/latin-america-mining-risks-carry-54b-price-tag,mining.com,en,,2026-09-29T12:45:00Z,2026-10-08T19:04:40Z,economia,gdelt_doc,titular_y_metadatos,,,Canada,false,2026-09-29T12:45:00Z
N-10bdf0711b24,"GNR for Tuesday, September 29, 2026 Cheers for us, boos for them!",https://www.dailykos.com/stories/2026/9/29/800102914/community/gnr-for-tuesday-september-29-2026,dailykos.com,en,2026-09-29T00:00:00Z,2026-09-29T12:45:00Z,2026-10-08T19:04:40Z,economia,gdelt_doc,titular_y_metadatos,,,United States,false,2026-09-29T00:00:00Z
N-017320ae6875,Diputada Walkiria Chandler advierte falta de firmas en informe del proyecto de reformas al Código Electoral,https://www.laestrella.com.pa/panama/politica/diputada-walkiria-chandler-advierte-falta-de-firmas-en-informe-del-proyecto-de-reformas-al-codigo-electoral-BC26066632,laestrella.com.pa,es,,2026-09-29T12:00:00Z,2026-10-08T18:42:54Z,general,gdelt_doc,titular_y_metadatos,,,Panama,false,2026-09-29T12:00:00Z
N-2abe9570c61f,"Relentless Expansion of Israeli Settlements Threatens Two - State Solution, Senior UN Official Warns Security Council, Citing E1 Plan",https://www.globalsecurity.org/military/library/news/2026/09/mil-260928-unsc01.htm,globalsecurity.org,en,,2026-09-29T11:15:00Z,2026-10-08T19:04:40Z,economia,gdelt_doc,titular_y_metadatos,,,Syria,false,2026-09-29T11:15:00Z
N-26ab02cca5e9,¡Vea la incongruencia presupuestal y regulatoria!,https://www.excelsior.com.mx/opinion/alicia-salgado/vea-incongruencia-presupuestal-y-regulatoria,excelsior.com.mx,es,,2026-09-29T09:30:00Z,2026-10-08T19:04:40Z,economia,gdelt_doc,titular_y_metadatos,,,Mexico,false,2026-09-29T09:30:00Z
N-e77de823a932,LNG Canada Announces Phase 2 Final Investment Decision,https://www.chathamdailynews.ca/press-releases/pr-newswire/lng-canada-announces-phase-2-final-investment-decision,chathamdailynews.ca,en,,2026-09-29T08:00:00Z,2026-10-08T19:04:40Z,economia,gdelt_doc,titular_y_metadatos,,,Canada,false,2026-09-29T07:45:00Z
N-9c94ac90e2e8,Costco (COST) Q4 2026 Earnings Call Transcript,https://www.fool.com/earnings/call-transcripts/2026/09/29/costco-cost-q4-2026-earnings-call-transcript?source=iedfolrf0000001,fool.com,en,2026-09-29T00:00:00Z,2026-09-29T08:00:00Z,2026-10-08T19:04:40Z,economia,gdelt_doc,titular_y_metadatos,,,United States,false,2026-09-29T00:00:00Z
N-1cd08cd503c4,Latin American airports will need US$178 billion to nearly double their traffic,https://en.mercopress.com/2026/09/29/latin-american-airports-will-need-us-178-billion-to-nearly-double-their-traffic,en.mercopress.com,en,2026-09-29T00:00:00Z,2026-09-29T08:00:00Z,2026-10-08T19:04:40Z,economia,gdelt_doc,titular_y_metadatos,,,Argentina,false,2026-09-29T00:00:00Z
N-bbc7a8fc9869,"Grupo Pantaleón: Tenemos que componer el tema logístico, no podemos fallar",https://www.prensalibre.com/guatemala/guatemala-no-se-detiene/grupo-pantaleon-tenemos-que-componer-el-tema-logistico-no-podemos-fallar,prensalibre.com,es,,2026-09-29T07:45:00Z,2026-10-08T19:04:40Z,economia,gdelt_doc,titular_y_metadatos,,,Guatemala,false,2026-09-29T07:45:00Z
N-91b4a51ae705,LNG Canada Announces Phase 2 Final Investment Decision,https://www.thewhig.com/press-releases/pr-newswire/lng-canada-announces-phase-2-final-investment-decision,thewhig.com,en,,2026-09-29T07:45:00Z,2026-10-08T19:04:40Z,economia,gdelt_doc,titular_y_metadatos,,,Canada,false,2026-09-29T07:45:00Z
N-9043a1c2396c,LNG Canada Announces Phase 2 Final Investment Decision,https://www.intelligencer.ca/press-releases/pr-newswire/lng-canada-announces-phase-2-final-investment-decision,intelligencer.ca,en,,2026-09-29T07:45:00Z,2026-10-08T19:04:40Z,economia,gdelt_doc,titular_y_metadatos,,,Canada,false,2026-09-29T07:45:00Z
N-047482a50ea1,"+60% Kursgewinn in 1 Woche: TempraMed greift nach Zypern: exklusiv, mit 20% Wachstumspflicht – und Ende Oktober läuft die Frist | wallstreetONLINE",https://www.wallstreet-online.de/nachricht/21444996-60-kursgewinn-1-woche-tempramed-greift-zypern-exklusiv-20-wachstumspflicht-oktober-laeuft-frist,wallstreet-online.de,de,,2026-09-29T07:45:00Z,2026-10-08T19:04:40Z,economia,gdelt_doc,titular_y_metadatos,,,Germany,false,2026-09-29T07:45:00Z
N-e1d7f9421dbb,"HEINEKEN Panamá, Anunciante Más Efectivo del Año, conquista el gran Effie y suma un oro, un plata y un bronce | La Prensa Panamá",https://www.prensa.com/contenido-de-marcas/heineken-panama-anunciante-mas-efectivo-del-ano-conquista-el-gran-effie-y-suma-un-oro-un-plata-y-un-bronce,prensa.com,es,,2026-09-29T07:30:00Z,2026-10-08T18:42:54Z,general,gdelt_doc,titular_y_metadatos,,,Panama,false,2026-09-29T07:30:00Z
N-c09db7d98572,Cambiar las reglas para conservar el poder,https://www.prensa.com/judiciales/cambiar-las-reglas-para-conservar-el-poder,prensa.com,es,,2026-09-29T07:30:00Z,2026-10-08T18:42:54Z,general,gdelt_doc,titular_y_metadatos,,,Panama,false,2026-09-29T07:30:00Z
N-990651067520,Es hora de sacar a Panamá de la lista fiscal de la Unión Europea,https://www.laestrella.com.pa/panama/nacional/pellentesque-convallis-placerat-OC26063049,laestrella.com.pa,es,,2026-09-29T07:30:00Z,2026-10-08T18:42:54Z,general,gdelt_doc,titular_y_metadatos,,,Panama,false,2026-09-29T07:30:00Z
N-8fe9c7059ab0,Cinco grandes bancos e inversionistas muestran apetito por Panamá,https://www.laestrella.com.pa/economia/cinco-grandes-bancos-e-inversionistas-muestran-apetito-por-panama-NC26061639,laestrella.com.pa,es,,2026-09-29T07:30:00Z,2026-10-08T18:42:54Z,general,gdelt_doc,titular_y_metadatos,,,Panama,false,2026-09-29T07:30:00Z
N-5038106bfef5,Fugas y explosiones en edificios: ¿qué pasó con el nuevo reglamento de gas?,https://www.prensa.com/sociedad/fugas-y-explosiones-en-edificios-que-paso-con-el-nuevo-reglamento-de-gas,prensa.com,es,,2026-09-29T07:30:00Z,2026-10-08T18:42:54Z,general,gdelt_doc,titular_y_metadatos,,,Panama,false,2026-09-29T07:30:00Z
N-4062ef29edc8,"El 44% de los pacientes diagnosticados con VIH en 2025, en Panamá, tenía las defensas debilitadas",https://www.prensa.com/sociedad/el-44-de-los-pacientes-diagnosticados-con-vih-en-2025-en-panama-tenia-las-defensas-debilitadas,prensa.com,es,,2026-09-29T07:30:00Z,2026-10-08T18:42:54Z,general,gdelt_doc,titular_y_metadatos,,,Panama,false,2026-09-29T07:30:00Z
N-33711694dd21,"Caso PPC: el Ministerio Público no avanza, porque espera la ampliación de la auditoría de la Contraloría",https://www.prensa.com/judiciales/caso-ppc-el-ministerio-publico-no-avanza-porque-espera-la-ampliacion-de-la-auditoria-de-la-contraloria,prensa.com,es,,2026-09-29T07:30:00Z,2026-10-08T18:42:54Z,general,gdelt_doc,titular_y_metadatos,,,Panama,false,2026-09-29T07:30:00Z
N-216df2f64f80,Panamá confía en salir de la lista fiscal de la Unión Europea en octubre,https://www.laestrella.com.pa/economia/panama-confia-en-salir-de-la-lista-fiscal-de-la-union-europea-en-octubre-HC26061622,laestrella.com.pa,es,,2026-09-29T07:30:00Z,2026-10-08T18:42:54Z,general,gdelt_doc,titular_y_metadatos,,,Panama,false,2026-09-29T07:30:00Z
N-185f3b3f9833,Desperdicio de alimentos: Panamá aún desconoce la magnitud del problema,https://www.prensa.com/vivir/desperdicio-de-alimentos-panama-aun-desconoce-la-magnitud-del-problema,prensa.com,es,,2026-09-29T07:30:00Z,2026-10-08T18:42:54Z,general,gdelt_doc,titular_y_metadatos,,,Panama,false,2026-09-29T07:30:00Z
N-105a1e624791,Tal cual del 29 de septiembre de 2026 | La Prensa Panamá,https://www.prensa.com/opinion/tal-cual-1164,prensa.com,es,,2026-09-29T07:30:00Z,2026-10-08T18:42:54Z,general,gdelt_doc,titular_y_metadatos,,,Panama,false,2026-09-29T07:30:00Z
N-06513d90a10c,Diputada Walkiria Chambers advierte falta de firmas en informe del proyecto de reformas al Código Electoral,https://www.laestrella.com.pa/panama/politica/diputada-walkiria-chambers-advierte-falta-de-firmas-en-informe-del-proyecto-de-reformas-al-codigo-electoral-BC26066632,laestrella.com.pa,es,,2026-09-29T07:30:00Z,2026-10-08T18:42:54Z,general,gdelt_doc,titular_y_metadatos,,,Panama,false,2026-09-29T07:30:00Z
N-1c9c275c39c6,「 十五五 」 開局之年啟東海工船舶產業拔節生長,https://www.hkcd.com/hkcdweb/content/2026/09/29/content_8777700.html,hkcd.com,zh,2026-09-29T00:00:00Z,2026-09-29T07:00:00Z,2026-10-08T19:04:40Z,economia,gdelt_doc,titular_y_metadatos,,,China,false,2026-09-29T00:00:00Z
N-5dd1c06af6e5,Rubio afirma que EEUU trabaja con la Asamblea venezolana opositora de 2015 para celebrar elecciones lo antes posible,https://www.notimerica.com/politica/noticia-rubio-afirma-eeuu-trabaja-asamblea-venezolana-opositora-2015-celebrar-elecciones-antes-posible-20260929045025.html,notimerica.com,es,,2026-09-29T06:45:00Z,2026-10-08T19:04:40Z,economia,gdelt_doc,titular_y_metadatos,,,Colombia,false,2026-09-29T03:30:00Z
N-faff2d9daa3b,MEF estima que la deuda crezca $2 mil millones el próximo año,https://www.panamaamerica.com.pa/nacion/mef-estima-que-la-deuda-crezca-2-mil-millones-el-proximo-ano-1266848,panamaamerica.com.pa,es,,2026-09-29T05:30:00Z,2026-10-08T18:42:54Z,general,gdelt_doc,titular_y_metadatos,,,Panama,false,2026-09-29T05:30:00Z
N-f3551b42978b,Panamá enfrenta reto de agilizar movimiento de carga frente a sus competidores,https://www.panamaamerica.com.pa/economia/panama-enfrenta-reto-de-agilizar-movimiento-de-carga-frente-sus-competidores-1266840,panamaamerica.com.pa,es,,2026-09-29T05:30:00Z,2026-10-08T18:42:54Z,general,gdelt_doc,titular_y_metadatos,,,Panama,false,2026-09-29T05:30:00Z
N-bc7f9cf1fa55,Unachi debe $18. 3 millones a la Caja de Seguro Social,https://www.panamaamerica.com.pa/nacion/unachi-debe-183-millones-la-caja-de-seguro-social-1266846,panamaamerica.com.pa,es,,2026-09-29T05:30:00Z,2026-10-08T18:42:54Z,general,gdelt_doc,titular_y_metadatos,,,Panama,false,2026-09-29T05:30:00Z
N-40e03a36285a,Presupuesto del Canal fue aprobado en tercer debate,https://www.panamaamerica.com.pa/nacion/presupuesto-del-canal-fue-aprobado-en-tercer-debate-1266849,panamaamerica.com.pa,es,,2026-09-29T05:30:00Z,2026-10-08T18:42:54Z,general,gdelt_doc,titular_y_metadatos,,,Panama,false,2026-09-29T05:30:00Z
N-24cd4f18ef80,Confabulario,https://www.panamaamerica.com.pa/confabulario/confabulario-1266852,panamaamerica.com.pa,es,,2026-09-29T05:30:00Z,2026-10-08T18:42:54Z,general,gdelt_doc,titular_y_metadatos,,,Panama,false,2026-09-29T05:30:00Z
N-7d042def93e7,Bomberos se internan en la selva para entrenarse en rescate y supervivencia,https://www.critica.com.pa/nacional/bomberos-se-internan-en-la-selva-para-entrenarse-en-rescate-y-supervivencia-517200,critica.com.pa,es,,2026-09-29T05:15:00Z,2026-10-08T18:42:54Z,general,gdelt_doc,titular_y_metadatos,,,Panama,false,2026-09-29T05:15:00Z
N-1e2392e39e0b,Rubio afirma que EEUU trabaja con la Asamblea opositora de 2015 para celebrar elecciones lo antes posible,https://www.diariosigloxxi.com/texto-ep/mostrar/20260929045024/rubio-afirma-eeuu-trabaja-asamblea-opositora-2015-celebrar-elecciones-antes-posible,diariosigloxxi.com,es,,2026-09-29T05:00:00Z,2026-10-08T19:04:40Z,economia,gdelt_doc,titular_y_metadatos,,,Spain,false,2026-09-29T05:00:00Z
N-693f04b7a966,"Lo que Guatemala aún no tiene para competir con El Salvador, Panamá y Costa Rica por turismo",https://lahora.gt/lh-economia/jveliz/2026/09/28/lo-que-guatemala-aun-no-tiene-para-competir-con-el-salvador-panama-y-costa-rica-por-turismo-now,lahora.gt,es,2026-09-28T00:00:00Z,2026-09-29T04:45:00Z,2026-10-08T19:04:40Z,economia,gdelt_doc,titular_y_metadatos,,,Guatemala,false,2026-09-28T00:00:00Z
N-4f8ec17ce07d,"Gib - el - Tarik, la roca que escucha",https://www.lavanguardia.com/internacional/20260929/11646184/gib-tarik-roca-escucha.html,lavanguardia.com,es,,2026-09-29T04:45:00Z,2026-10-08T19:04:40Z,economia,gdelt_doc,titular_y_metadatos,,,Spain,false,2026-09-29T04:45:00Z
N-77c67edf034c,Urrutia plantea adaptar la administración tributaria al ritmo de la economía digital,https://acento.com.do/economia/urrutia-plantea-adaptar-la-administracion-tributaria-al-ritmo-de-la-economia-digital-9760620.html,acento.com.do,es,,2026-09-29T04:15:00Z,2026-10-08T19:04:40Z,economia,gdelt_doc,titular_y_metadatos,,,Dominican Republic,false,2026-09-29T04:15:00Z
N-5c38a2dfeae0,商船やいま 子会社連結決算も報告へ,https://www.y-mainichi.co.jp/news/42850,y-mainichi.co.jp,ja,,2026-09-29T04:00:00Z,2026-10-08T19:04:40Z,economia,gdelt_doc,titular_y_metadatos,,,Japan,false,2026-09-29T04:00:00Z
N-8bb09cbbdeb8,Rubio afirma que EEUU trabaja con la Asamblea venezolana opositora de 2015 para celebrar elecciones lo antes posible,https://www.europapress.es/internacional/noticia-rubio-afirma-eeuu-trabaja-asamblea-venezolana-opositora-2015-celebrar-elecciones-antes-posible-20260929045024.html,europapress.es,es,,2026-09-29T03:30:00Z,2026-10-08T19:04:40Z,economia,gdelt_doc,titular_y_metadatos,,,Spain,false,2026-09-29T03:30:00Z
N-9d6e812d8f9f,"Revelan los millonarios gastos de la JEP: arriendo, eventos y viajes a Miami",https://www.lafm.com.co/politica/millonarios-gastos-de-la-jep-viajes-arriendos-y-viajes-a-miami-412340,lafm.com.co,es,,2026-09-29T02:45:00Z,2026-10-08T19:04:40Z,economia,gdelt_doc,titular_y_metadatos,,,Colombia,false,2026-09-29T02:45:00Z
N-3a3d19d236aa,Surgen opiniones sobre legalidad de la recolección de firmas de Vamos,https://www.telemetro.com/nacionales/surgen-opiniones-legalidad-la-recoleccion-firmas-vamos-n6093340,telemetro.com,es,,2026-09-29T02:15:00Z,2026-10-08T18:42:54Z,general,gdelt_doc,titular_y_metadatos,,,Panama,false,2026-09-29T02:15:00Z
N-411d89db3e69,"Top 10 de Latinoamérica: sacudón financiero, giro político y crisis fiscal en la región, pobreza y desempleo",https://urgente24.com/mundo/top-10-latinoamerica-sacudon-financiero-giro-politico-y-crisis-fiscal-la-region-pobreza-y-desempleo-n633614,urgente24.com,es,,2026-09-29T01:15:00Z,2026-10-08T19:04:40Z,economia,gdelt_doc,titular_y_metadatos,,,Argentina,false,2026-09-29T01:15:00Z
N-f0adadfa72c3,Intentan matar a panameño y a otras 2 personas en Paso Canoas del lado tico,https://www.critica.com.pa/sucesos/intentan-matar-panameno-y-otras-2-personas-en-paso-canoas-del-lado-tico-517173,critica.com.pa,es,,2026-09-29T01:00:00Z,2026-10-08T18:42:54Z,general,gdelt_doc,titular_y_metadatos,,,Panama,false,2026-09-29T01:00:00Z
N-e27bdb2e71a4,Detectan más de 10 mil dólares en efectivo a pasajera cubana en Panamá Pacífico,https://www.midiario.com/nacionales/detectan-mas-de-10-mil-dolares-en-efectivo-a-pasajera-cubana-en-panama-pacifico,midiario.com,es,,2026-09-29T01:00:00Z,2026-10-08T18:42:54Z,general,gdelt_doc,titular_y_metadatos,,,Panama,false,2026-09-29T01:00:00Z
N-d13544194fcc,Pilotos de helicópteros afinan preparación para aterrizar en edificios,https://www.critica.com.pa/nacional/pilotos-de-helicopteros-afinan-preparacion-para-aterrizar-en-edificios-517170,critica.com.pa,es,,2026-09-29T01:00:00Z,2026-10-08T18:42:54Z,general,gdelt_doc,titular_y_metadatos,,,Panama,false,2026-09-29T01:00:00Z
N-affce6b8befa,Vapeadores con nicotina: Cochrane reporta más abandonos; ARDTP pide regulación,https://www.critica.com.pa/nacional/vapeadores-con-nicotina-cochrane-reporta-mas-abandonos-ardtp-pide-regulacion-517183,critica.com.pa,es,,2026-09-29T01:00:00Z,2026-10-08T18:42:54Z,general,gdelt_doc,titular_y_metadatos,,,Panama,false,2026-09-29T01:00:00Z
N-8a6947d21d69,Lo buscaban por presunto delito sexual contra una menor y cayó en Guna Yala,https://www.midiario.com/nacionales/lo-buscaban-por-presunto-delito-sexual-contra-una-menor-y-cayo-en-guna-yala,midiario.com,es,,2026-09-29T01:00:00Z,2026-10-08T18:42:54Z,general,gdelt_doc,titular_y_metadatos,,,Panama,false,2026-09-29T01:00:00Z
N-36d0ee5d3ade,Joven queda bajo detención por hurto de B /. 132 mil en joyería penonomeña,https://www.critica.com.pa/sucesos/joven-queda-bajo-detencion-por-hurto-de-b132-mil-en-joyeria-penonomena-517169,critica.com.pa,es,,2026-09-29T01:00:00Z,2026-10-08T18:42:54Z,general,gdelt_doc,titular_y_metadatos,,,Panama,false,2026-09-29T01:00:00Z
N-262bdb691718,¿Qué pasó con el hombre hallado muerto en un vehículo? Dos ciudadanos fueron aprehendidos en El Chirú,https://www.midiario.com/policiales/que-paso-con-el-hombre-hallado-muerto-en-un-vehiculo-dos-ciudadanos-fueron-aprehendidos-en-el-chiru,midiario.com,es,,2026-09-29T01:00:00Z,2026-10-08T18:42:54Z,general,gdelt_doc,titular_y_metadatos,,,Panama,false,2026-09-29T01:00:00Z
N-1ecfd3a02c14,"Por pasear en carro con arma ilegal, tres sujetos son retenidos",https://www.critica.com.pa/sucesos/por-pasear-en-carro-con-arma-ilegal-tres-sujetos-son-retenidos-517161,critica.com.pa,es,,2026-09-29T01:00:00Z,2026-10-08T18:42:54Z,general,gdelt_doc,titular_y_metadatos,,,Panama,false,2026-09-29T01:00:00Z
N-0134830c6aa0,Teleférico de Panamá y San Miguelito entra en nueva etapa,https://www.critica.com.pa/nacional/teleferico-de-panama-y-san-miguelito-entra-en-nueva-etapa-517178,critica.com.pa,es,,2026-09-29T01:00:00Z,2026-10-08T18:42:54Z,general,gdelt_doc,titular_y_metadatos,,,Panama,false,2026-09-29T01:00:00Z
N-f0ef31187e7a,Preview - Asamblea de Panamá,https://www.asamblea.gob.pa/Noticias/Noticias/SUBCOMISION-DE-ASUNTOS-AGROPECUARIOS-ANALIZA-NORMA-PARA-GARANTIZAR-PAGO-OPORTUNO-A-PRODUCTORES,asamblea.gob.pa,es,,2026-09-29T00:45:00Z,2026-10-08T18:42:54Z,general,gdelt_doc,titular_y_metadatos,,,Panama,false,2026-09-29T00:45:00Z
N-dbdbcb3e448f,Preview - Asamblea de Panamá,https://www.asamblea.gob.pa/Noticias/Actualidad/PRESUPUESTO-DE-LA-ACP-RECIBE-VOTO-UNANIME-EN-TERCER-DEBATE,asamblea.gob.pa,es,,2026-09-29T00:45:00Z,2026-10-08T18:42:54Z,general,gdelt_doc,titular_y_metadatos,,,Panama,false,2026-09-29T00:45:00Z
N-d1d83694c6d6,Preview - Asamblea de Panamá,https://www.asamblea.gob.pa/Noticias/Noticias/TRASLADO-PARA-LA-UNACHI-Y-VISTAS-PRESUPUESTARIAS-,asamblea.gob.pa,es,,2026-09-29T00:45:00Z,2026-10-08T18:42:54Z,general,gdelt_doc,titular_y_metadatos,,,Panama,false,2026-09-29T00:45:00Z
N-acda0e91bd04,Preview - Asamblea de Panamá,https://www.asamblea.gob.pa/Noticias/Noticias/CUMPLIMIENTO-DE-CONSTRUCTORAS-Y-PROMOTORAS-DE-VIVIENDA-SERA-FISCALIZADO,asamblea.gob.pa,es,,2026-09-29T00:45:00Z,2026-10-08T18:42:54Z,general,gdelt_doc,titular_y_metadatos,,,Panama,false,2026-09-29T00:45:00Z
N-8ecf4b8b7218,IDAAN evalúa construir una planta potabilizadora para abastecer de agua a Capira,https://www.diaadia.com.pa/el-pais/idaan-evalua-construir-una-planta-potabilizadora-para-abastecer-de-agua-capira-791788,diaadia.com.pa,es,,2026-09-29T00:45:00Z,2026-10-08T18:42:54Z,general,gdelt_doc,titular_y_metadatos,,,Panama,false,2026-09-29T00:45:00Z
N-8cc21a0dba20,Preview - Asamblea de Panamá,https://www.asamblea.gob.pa/Noticias/Actualidad/PRESIDENTA-DE-LA-ASAMBLEA-SE-REUNE-CON-LA-ADMINISTRADORA-DE-ADUANAS-,asamblea.gob.pa,es,,2026-09-29T00:45:00Z,2026-10-08T18:42:54Z,general,gdelt_doc,titular_y_metadatos,,,Panama,false,2026-09-29T00:45:00Z
N-8bc129fb067f,EUA cancelam vistos de autoridades da América Latina - 28 / 09 / 2026 - Mundo,https://www1.folha.uol.com.br/mundo/2026/09/eua-cancelam-vistos-de-autoridades-latinas-e-ampliam-ofensiva-do-escudo-das-americas.shtml,folha.uol.com.br,pt,,2026-09-29T00:45:00Z,2026-10-08T19:04:40Z,economia,gdelt_doc,titular_y_metadatos,,,Brazil,false,2026-09-29T00:45:00Z
N-7f585e679673,新华财经早报 ： 9月29日 _ 东方财富网,https://finance.eastmoney.com/a/202609293885741594.html,finance.eastmoney.com,zh,,2026-09-29T00:45:00Z,2026-10-08T19:04:40Z,economia,gdelt_doc,titular_y_metadatos,,,China,false,2026-09-29T00:45:00Z
N-790f94bdab40,Preview - Asamblea de Panamá,https://www.asamblea.gob.pa/Noticias/Cultura%20Y%20Deporte/ASAMBLEA-CLAUSURA-MES-DE-LAS-SAGRADAS-ESCRITURAS,asamblea.gob.pa,es,,2026-09-29T00:45:00Z,2026-10-08T18:42:54Z,general,gdelt_doc,titular_y_metadatos,,,Panama,false,2026-09-29T00:45:00Z
N-e4e6f5213d0b,Balbina Herrera Rejects Changes that would Concentrate the PRD Legal Representation in the Party Presidency.,https://newsroompanama.com/2026/09/28/balbina-herrera-rejects-changes-that-would-concentrate-the-prds-legal-representation-in-the-partys-presidency,newsroompanama.com,en,2026-09-28T00:00:00Z,2026-09-28T23:45:00Z,2026-10-08T18:42:54Z,general,gdelt_doc,titular_y_metadatos,,,Panama,false,2026-09-28T00:00:00Z
N-a4ab0c6b1801,Panama Canal Increases Daily Transits to 33 and Maximum Draft to 49 Feet.,https://newsroompanama.com/2026/09/28/panama-canal-increases-daily-transits-to-33-and-maximum-draft-to-49-feet,newsroompanama.com,en,2026-09-28T00:00:00Z,2026-09-28T23:45:00Z,2026-10-08T18:42:54Z,general,gdelt_doc,titular_y_metadatos,,,Panama,false,2026-09-28T00:00:00Z
N-7f4c7d9d5b0c,美官员已同美伊调解方对话 ； 美股三大指数集体收跌 ， 国际金价跌超4%； 官方确认新iPhone存在 系统漏洞 ； 段永平再次买入茅台丨每经早参,https://www.nbd.com.cn/articles/2026-09-28/4593934.html,nbd.com.cn,zh,2026-09-28T00:00:00Z,2026-09-28T23:45:00Z,2026-10-08T19:04:40Z,economia,gdelt_doc,titular_y_metadatos,,,China,false,2026-09-28T00:00:00Z
N-43041c46521c,Newsroom Panama,https://newsroompanama.com/page/2501,newsroompanama.com,en,,2026-09-28T23:45:00Z,2026-10-08T18:42:54Z,general,gdelt_doc,titular_y_metadatos,,,Panama,true,2026-09-12T23:30:00Z
N-e4f74cb50037,Panamá saldría en octubre de la lista europea de paraísos fiscales tras esfuerzo realizado por el gobierno del Presidente Mulino – Ministerio de Relaciones exteriores,https://mire.gob.pa/panama-saldria-en-octubre-de-la-lista-europea-de-paraisos-fiscales-tras-esfuerzo-realizado-por-el-gobierno-del-presidente-mulino,mire.gob.pa,es,,2026-09-28T23:30:00Z,2026-10-08T18:42:54Z,general,gdelt_doc,titular_y_metadatos,,,Panama,false,2026-09-28T23:30:00Z
N-e1523bc564b1,Del origen del bochinche y la teoría del rumor,https://www.prensa.com/opinion/del-origen-del-bochinche-y-la-teoria-del-rumor,prensa.com,es,,2026-09-28T23:30:00Z,2026-10-08T18:42:54Z,general,gdelt_doc,titular_y_metadatos,,,Panama,false,2026-09-28T23:30:00Z
N-c5fdb968d109,Amoacss denuncia destitución de Fernando Castañeda y acudirá a la Corte Suprema,https://www.laestrella.com.pa/panama/nacional/amoacss-denuncia-destitucion-de-fernando-castaneda-y-acudira-a-la-corte-suprema-OB26059520,laestrella.com.pa,es,,2026-09-28T23:30:00Z,2026-10-08T18:42:54Z,general,gdelt_doc,titular_y_metadatos,,,Panama,false,2026-09-28T23:30:00Z
N-c25a5925cdb3,"Panamá defiende en CELAC – Unión Europea la democracia, los derechos políticos y una asociación birregional orientada a resultados – Ministerio de Relaciones exteriores",https://mire.gob.pa/panama-defiende-en-celac-union-europea-la-democracia-los-derechos-politicos-y-una-asociacion-birregional-orientada-a-resultados,mire.gob.pa,es,,2026-09-28T23:30:00Z,2026-10-08T18:42:54Z,general,gdelt_doc,titular_y_metadatos,,,Panama,false,2026-09-28T23:30:00Z
N-bc1ff42d5c5b,Panamá y Filipinas fortalecen cooperación mediante nuevo mecanismo de consultas políticas – Ministerio de Relaciones exteriores,https://mire.gob.pa/panama-y-filipinas-fortalecen-cooperacion-mediante-nuevo-mecanismo-de-consultas-politicas,mire.gob.pa,es,,2026-09-28T23:30:00Z,2026-10-08T18:42:54Z,general,gdelt_doc,titular_y_metadatos,,,Panama,false,2026-09-28T23:30:00Z
N-97b5e0990c82,70 mil firmas vs. un capricho bocatoreño,https://www.prensa.com/opinion/70-mil-firmas-vs-un-capricho-bocatoreno,prensa.com,es,,2026-09-28T23:30:00Z,2026-10-08T18:42:54Z,general,gdelt_doc,titular_y_metadatos,,,Panama,false,2026-09-28T23:30:00Z
N-7bd9d18569c3,Panamá propone una cooperación iberoamericana orientada a resultados y la defensa de la democracia y los derechos políticos – Ministerio de Relaciones exteriores,https://mire.gob.pa/panama-propone-una-cooperacion-iberoamericana-orientada-a-resultados-y-la-defensa-de-la-democracia-y-los-derechos-politicos,mire.gob.pa,es,,2026-09-28T23:30:00Z,2026-10-08T18:42:54Z,general,gdelt_doc,titular_y_metadatos,,,Panama,false,2026-09-28T23:30:00Z
N-6f0f5de359ff,"Panamá y New York Institute of Technology exploran alianza de cooperación académica, científica y tecnológica – Ministerio de Relaciones exteriores",https://mire.gob.pa/panama-y-new-york-institute-of-technology-exploran-alianza-de-cooperacion-academica-cientifica-y-tecnologica,mire.gob.pa,es,,2026-09-28T23:30:00Z,2026-10-08T18:42:54Z,general,gdelt_doc,titular_y_metadatos,,,Panama,false,2026-09-28T23:30:00Z
N-6276aeb0b476,No defendemos cargo: Balbina Herrera reta a la bancada del PRD por la reforma que le da más poder a Benicio Robinson,https://www.prensa.com/politica/no-defendemos-cargos-balbina-herrera-reta-a-la-bancada-del-prd-por-la-reforma-que-le-da-mas-poder-a-benicio-robinson,prensa.com,es,,2026-09-28T23:30:00Z,2026-10-08T18:42:54Z,general,gdelt_doc,titular_y_metadatos,,,Panama,false,2026-09-28T23:30:00Z
N-4443897b0af2,La cabra siempre tira pal monte | La Prensa Panamá,https://www.prensa.com/opinion/la-cabra-siempre-tira-pal-monte,prensa.com,es,,2026-09-28T23:30:00Z,2026-10-08T18:42:54Z,general,gdelt_doc,titular_y_metadatos,,,Panama,false,2026-09-28T23:30:00Z
N-40cbac2aaf10,Cancillería se suma a limpieza de playas en conmemoración del Mes de los Océanos – Ministerio de Relaciones exteriores,https://mire.gob.pa/cancilleria-se-suma-a-limpieza-de-playas-en-conmemoracion-del-mes-de-los-oceanos,mire.gob.pa,es,,2026-09-28T23:30:00Z,2026-10-08T18:42:54Z,general,gdelt_doc,titular_y_metadatos,,,Panama,false,2026-09-28T23:30:00Z
N-4061a3e5a64e,Competitividad: ¿quién está sentado en la mesa?,https://www.prensa.com/opinion/competitividad-quien-esta-sentado-en-la-mesa,prensa.com,es,,2026-09-28T23:30:00Z,2026-10-08T18:42:54Z,general,gdelt_doc,titular_y_metadatos,,,Panama,false,2026-09-28T23:30:00Z
N-39aa0e29cfba,Metro de Panamá y Doppelmayr firman contrato para construir el Teleférico de Panamá y San Miguelito,https://www.laestrella.com.pa/panama/nacional/metro-de-panama-y-doppelmayr-firman-contrato-para-construir-el-teleferico-de-panama-y-san-miguelito-JB26057781,laestrella.com.pa,es,,2026-09-28T23:30:00Z,2026-10-08T18:42:54Z,general,gdelt_doc,titular_y_metadatos,,,Panama,false,2026-09-28T23:30:00Z
N-348583200e22,"La deuda pública llegará a $64, 000 millones en 2027; crecerá a un ritmo más lento",https://www.prensa.com/economia/la-deuda-publica-llegara-a-64000-millones-en-2027-crecera-a-un-ritmo-mas-lento,prensa.com,es,,2026-09-28T23:30:00Z,2026-10-08T18:42:54Z,general,gdelt_doc,titular_y_metadatos,,,Panama,false,2026-09-28T23:30:00Z
N-2dd531b2dc65,Yankees y Red Sox abren la postemporada apostando por brazos jóvenes,https://www.prensa.com/deportes/yankees-y-red-sox-abren-octubre-apostando-por-brazos-jovenes,prensa.com,es,,2026-09-28T23:30:00Z,2026-10-08T18:42:54Z,general,gdelt_doc,titular_y_metadatos,,,Panama,false,2026-09-28T23:30:00Z
N-cde0c5dbedbb,Venezuelans rally to demand opposition leader safe return and presidential elections,https://www.wlrn.org/americas/2026-09-28/venezuelans-rally-to-demand-opposition-leaders-safe-return-and-presidential-elections,wlrn.org,en,2026-09-28T00:00:00Z,2026-09-28T23:15:00Z,2026-10-08T19:04:40Z,economia,gdelt_doc,titular_y_metadatos,,,United States,false,2026-09-28T00:00:00Z
N-e6d736875efb,Minsa actualiza la norma técnica contra el cáncer cervicouterino e impulsa la meta 90 - 70 - 90,https://www.panamaamerica.com.pa/sociedad/minsa-actualiza-la-norma-tecnica-contra-el-cancer-cervicouterino-e-impulsa-la-meta-90-70-90,panamaamerica.com.pa,es,,2026-09-28T22:45:00Z,2026-10-08T18:42:54Z,general,gdelt_doc,titular_y_metadatos,,,Panama,false,2026-09-28T22:45:00Z
N-c97b11fe0ce2,Inicia reubicación de familias damnificadas por el incendio en La Macarronera,https://www.panamaamerica.com.pa/sociedad/inicia-reubicacion-de-familias-damnificadas-por-el-incendio-en-la-macarronera-1266832,panamaamerica.com.pa,es,,2026-09-28T22:45:00Z,2026-10-08T18:42:54Z,general,gdelt_doc,titular_y_metadatos,,,Panama,false,2026-09-28T22:45:00Z
N-b8f3506bcb62,Imhpa advierte déficit hídrico pese a estar en los meses más lluviosos,https://www.panamaamerica.com.pa/sociedad/imhpa-advierte-deficit-hidrico-pese-estar-en-los-meses-mas-lluviosos-1266829,panamaamerica.com.pa,es,,2026-09-28T22:45:00Z,2026-10-08T18:42:54Z,general,gdelt_doc,titular_y_metadatos,,,Panama,false,2026-09-28T22:45:00Z
N-8e491c4dfbce,Metro de Panamá y Doppelmayr firman el contrato para la construcción del Teleférico de San Miguelito,https://www.panamaamerica.com.pa/sociedad/metro-de-panama-y-doppelmayr-firman-el-contrato-para-la-construccion-del-teleferico-de-san,panamaamerica.com.pa,es,,2026-09-28T22:45:00Z,2026-10-08T18:42:54Z,general,gdelt_doc,titular_y_metadatos,,,Panama,false,2026-09-28T22:45:00Z
N-24715c6e6ce5,美股三大指数集体收跌 国际金价跌超4%； 官方确认新iPhone存在 系统漏洞 ； 段永平再次买入茅台丨每经早参 _ 东方财富网,https://finance.eastmoney.com/a/202609293885616370.html,finance.eastmoney.com,zh,,2026-09-28T22:45:00Z,2026-10-08T19:04:40Z,economia,gdelt_doc,titular_y_metadatos,,,China,false,2026-09-28T00:00:00Z
N-0c76696a43c9,La AMOACSS acudirá a la Corte Suprema de Justicia tras la destitución de Fernando Castañeda,https://www.panamaamerica.com.pa/sociedad/la-amoacss-acudira-la-corte-suprema-de-justicia-tras-la-destitucion-de-fernando-castaneda,panamaamerica.com.pa,es,,2026-09-28T22:45:00Z,2026-10-08T18:42:54Z,general,gdelt_doc,titular_y_metadatos,,,Panama,false,2026-09-28T22:45:00Z
N-04ce9507b41a,Panamá saldría en octubre de la lista de paraísos fiscales de la Unión Europea,https://www.panamaamerica.com.pa/economia/panama-saldria-en-octubre-de-la-lista-de-paraisos-fiscales-de-la-union-europea-1266828,panamaamerica.com.pa,es,,2026-09-28T22:45:00Z,2026-10-08T18:42:54Z,general,gdelt_doc,titular_y_metadatos,,,Panama,false,2026-09-28T22:45:00Z
N-19cb675d17cd,Feria Solidaria en el Parque Omar: ¿Qué habrá y a qué hora será este 2 de octubre?,https://www.telemetro.com/nacionales/feria-solidaria-el-parque-omar-que-habra-y-que-hora-sera-este-2-octubre-n6093303,telemetro.com,es,,2026-09-28T22:30:00Z,2026-10-08T18:42:54Z,general,gdelt_doc,titular_y_metadatos,,,Panama,false,2026-09-28T22:30:00Z
N-e3ce02a98eb6,MLB: ¿Quiénes son los panameños que avanzaron con su equipo a la postemporada?,https://www.rpctv.com/mlb/beisbol/mlb-quienes-son-los-panamenos-que-avanzaron-su-equipo-la-postemporada-n6093254,rpctv.com,es,,2026-09-28T22:15:00Z,2026-10-08T18:42:54Z,general,gdelt_doc,titular_y_metadatos,,,Panama,false,2026-09-28T22:15:00Z
N-3dacaff5ea32,Canal de Panamá eleva a 33 los tránsitos y el calado a 49 pies por mejores condiciones hídricas,https://www.laestrella.com.pa/economia/canal-de-panama-eleva-a-33-los-transitos-y-el-calado-a-49-pies-por-mejores-condiciones-hidricas-NA26049352,laestrella.com.pa,es,,2026-09-28T22:15:00Z,2026-10-08T18:42:54Z,general,gdelt_doc,titular_y_metadatos,,,Panama,false,2026-09-28T22:15:00Z
N-0efe5765ab32,"Deuda pública de Panamá alcanzará $62 mil millones en 2026 y $64 mil millones en 2027, según MEF",https://www.laestrella.com.pa/economia/deuda-publica-de-panama-alcanzara-62-mil-millones-en-2026-y-64-mil-millones-en-2027-segun-mef-OB26055913,laestrella.com.pa,es,,2026-09-28T22:15:00Z,2026-10-08T18:42:54Z,general,gdelt_doc,titular_y_metadatos,,,Panama,false,2026-09-28T22:15:00Z
N-05b438df49e4,La Selección de Panamá ya llegó a Japón para próximos compromisos,https://www.rpctv.com/marea-roja/la-seleccion-panama-ya-llego-japon-proximos-compromisos-n6093306,rpctv.com,es,,2026-09-28T22:15:00Z,2026-10-08T18:42:54Z,general,gdelt_doc,titular_y_metadatos,,,Panama,false,2026-09-28T22:15:00Z
N-e68becdf8008,CEPANIM: MEF revela cuántos beneficiarios han sido atendidos y el monto entregado,https://www.telemetro.com/nacionales/cepanim-mef-revela-cuantos-beneficiarios-han-sido-atendidos-y-el-monto-entregado-n6093288,telemetro.com,es,,2026-09-28T21:15:00Z,2026-10-08T18:42:54Z,general,gdelt_doc,titular_y_metadatos,,,Panama,false,2026-09-28T21:15:00Z
N-89e39c647101,Yo Me Llamo All Stars: ¿quién está detrás de Camilo Sesto?,https://www.telemetro.com/nacionales/yo-me-llamo-all-stars-quien-esta-detras-camilo-sesto-n6093287,telemetro.com,es,,2026-09-28T21:15:00Z,2026-10-08T18:42:54Z,general,gdelt_doc,titular_y_metadatos,,,Panama,false,2026-09-28T21:15:00Z
N-5f49f4f504db,Familias de La Macarronera serán reubicadas tras incendio en Calidonia,https://www.critica.com.pa/nacional/familias-de-la-macarronera-seran-reubicadas-tras-incendio-en-calidonia-517165,critica.com.pa,es,,2026-09-28T21:00:00Z,2026-10-08T19:04:40Z,economia,gdelt_doc,titular_y_metadatos,,,Panama,false,2026-09-28T21:00:00Z
N-8cbe9f6e2f87,BAC alcanza grado de inversión con calificación de Fitch Ratings,https://abriendobrecha.tv/nacionales/bac-alcanza-grado-de-inversion-con-calificacion-de-fitch-ratings,abriendobrecha.tv,es,,2026-09-28T20:00:00Z,2026-10-08T19:04:40Z,economia,gdelt_doc,titular_y_metadatos,,,Honduras,false,2026-09-28T20:00:00Z
N-e8e3ca711f60,La Unión Europea planea retirar a Vietnam y Panamá de su lista de paraísos fiscales,https://www.larepublica.co/globoeconomia/la-union-europea-planea-retirar-a-panama-de-lista-de-paraisos-fiscales-4491849,larepublica.co,es,,2026-09-28T19:45:00Z,2026-10-08T19:04:40Z,economia,gdelt_doc,titular_y_metadatos,,,Colombia,false,2026-09-28T19:45:00Z
N-e503738805f4,The Orderly Resumption of Moving Towards Operations at the Cobre Panamá Mine is Recommended by CAMIPA.,https://newsroompanama.com/2026/09/28/the-orderly-resumption-of-moving-towards-operations-at-the-cobre-panama-mine-is-recommended-by-camipa,newsroompanama.com,en,2026-09-28T00:00:00Z,2026-09-28T19:15:00Z,2026-10-08T19:04:40Z,economia,gdelt_doc,titular_y_metadatos,,,Panama,false,2026-09-28T00:00:00Z
N-2204f89c4205,Panama First Lady in 2027 will have a Budget of $4. 4 Million for Investments.,https://newsroompanama.com/2026/09/28/panamas-first-lady-in-2027-will-have-a-budget-of-4-4-million-for-investments,newsroompanama.com,en,2026-09-28T00:00:00Z,2026-09-28T19:15:00Z,2026-10-08T19:04:40Z,economia,gdelt_doc,titular_y_metadatos,,,Panama,false,2026-09-28T00:00:00Z
N-ae3be4a30052,China y su afán con Taiwán,https://www.prensa.com/opinion/china-y-su-afan-con-taiwan,prensa.com,es,,2026-09-28T18:45:00Z,2026-10-08T19:04:40Z,economia,gdelt_doc,titular_y_metadatos,,,Panama,false,2026-09-28T18:45:00Z
N-d4d440e4f60b,Universidad de Panamá destaca avances científicos y académicos al cierre de gestión de Flores,https://www.panamaamerica.com.pa/sociedad/universidad-de-panama-destaca-avances-cientificos-y-academicos-al-cierre-de-gestion-de,panamaamerica.com.pa,es,,2026-09-28T17:45:00Z,2026-10-08T19:04:40Z,economia,gdelt_doc,titular_y_metadatos,,,Panama,false,2026-09-28T17:45:00Z
N-c626c4f80762,CAMIPA pide reabrir Cobre Panamá y acabar con la incertidumbre,https://www.critica.com.pa/nacional/camipa-pide-reabrir-cobre-panama-y-acabar-con-la-incertidumbre-517141,critica.com.pa,es,,2026-09-28T17:15:00Z,2026-10-08T19:04:40Z,economia,gdelt_doc,titular_y_metadatos,,,Panama,false,2026-09-28T17:15:00Z
N-406f4f08342c,From Mexico to China: The New Chinese Laundering Overlay That Keeps Cartel Cash in U. S. Banks,https://www.shockya.com/news/2026/09/28/from-mexico-to-china-the-new-chinese-laundering-overlay-that-keeps-cartel-cash-in-u-s-banks,shockya.com,en,2026-09-28T00:00:00Z,2026-09-28T16:30:00Z,2026-10-08T19:04:40Z,economia,gdelt_doc,titular_y_metadatos,,,United States,false,2026-09-28T00:00:00Z
N-25f706ff3ab6,Melania Trump sella alianza con gigantes tecnológicos para impulsar el programa « Fostering the Future Together »,https://www.ecoportal.net/tecnologia/melania-trump-sella-alianzas-big-tech,ecoportal.net,es,,2026-09-28T16:30:00Z,2026-10-08T19:04:40Z,economia,gdelt_doc,titular_y_metadatos,,,United States,false,2026-09-28T16:30:00Z
N-10426d3f0ac4,¿Debe reabrir Cobre Panamá? Cámara Minera fija su posición sobre el futuro de la mina,https://www.telemetro.com/nacionales/debe-reabrir-cobre-panama-camara-minera-fija-su-posicion-el-futuro-la-mina-n6093233,telemetro.com,es,,2026-09-28T16:15:00Z,2026-10-08T19:04:40Z,economia,gdelt_doc,titular_y_metadatos,,,Panama,false,2026-09-28T16:15:00Z
N-97e773785a2f,JEP bajo la lupa por arriendo de su sede en Torre Squadra,https://www.lafm.com.co/orden-publico/torre-squadra-senadora-cuestiona-contrato-sede-jep-412239,lafm.com.co,es,,2026-09-28T15:45:00Z,2026-10-08T19:04:40Z,economia,gdelt_doc,titular_y_metadatos,,,Colombia,false,2026-09-28T15:45:00Z
N-5f960815999a,Panamá sigue moviendo sus fichas para atraer inversiones y fortalecer sus relaciones con Emiratos Árabes Unidos,https://www.diaadia.com.pa/el-pais/panama-sigue-moviendo-sus-fichas-para-atraer-inversiones-y-fortalecer-sus-relaciones-con,diaadia.com.pa,es,,2026-09-28T15:45:00Z,2026-10-08T19:04:40Z,economia,gdelt_doc,titular_y_metadatos,,,Panama,false,2026-09-28T15:45:00Z
N-7a752b31c5cd,Panamá se consolida como uno de los mercados de entretenimiento digital de Centroamérica,https://nuevaya.com.ni/internacionales/panama-se-consolida-como-uno-de-los-mercados-de-entretenimiento-digital-de-centroamerica,nuevaya.com.ni,es,,2026-09-28T15:30:00Z,2026-10-08T19:04:40Z,economia,gdelt_doc,titular_y_metadatos,,,Nicaragua,false,2026-09-28T15:30:00Z
N-bad2ee33b54e,"Liberia, India Launch Global Maritime Security Initiative",https://allafrica.com/stories/202609280368.html,allafrica.com,en,,2026-09-28T15:15:00Z,2026-10-08T19:04:40Z,economia,gdelt_doc,titular_y_metadatos,,,Nigeria,false,2026-09-28T15:15:00Z
N-ad1eda4b07ea,Trump Greater North America Is Fascist Geopolitics,https://foreignpolicy.com/2026/09/28/trump-rubio-hegseth-greenland-cuba-north-america-fascism?tpcc=recirc_trending062921,foreignpolicy.com,en,2026-09-28T00:00:00Z,2026-09-28T15:15:00Z,2026-10-08T19:04:40Z,economia,gdelt_doc,titular_y_metadatos,,,United States,false,2026-09-28T00:00:00Z
N-69dd1d31c34e,Are we watching the same game? Same news? Same debate?,https://americanbazaaronline.com/2026/09/28/are-we-watching-the-same-game-same-news-same-debate-488918,americanbazaaronline.com,en,2026-09-28T00:00:00Z,2026-09-28T15:15:00Z,2026-10-08T19:04:40Z,economia,gdelt_doc,titular_y_metadatos,,,United States,false,2026-09-28T00:00:00Z
N-9ca453868eb4,"Acaudalados peruanos elevan inversión en EE. UU. en 2026, ¿en dónde ponen su dinero?",https://www.larepublica.co/globoeconomia/acaudalados-peruanos-elevan-inversion-en-ee-uu-en-2026-en-donde-ponen-su-dinero-4491642,larepublica.co,es,,2026-09-28T13:00:00Z,2026-10-08T19:04:40Z,economia,gdelt_doc,titular_y_metadatos,,,Colombia,false,2026-09-28T13:00:00Z
N-8a7ee1fe15a9,"Présidentielle au Brésil: pour sa dernière bataille, Lula affronte le fils Bolsonaro",https://www.sudouest.fr:443/international/bresil/presidentielle-au-bresil-pour-sa-derniere-bataille-lula-affronte-le-fils-bolsonaro-30813928.php,sudouest.fr,fr,,2026-09-28T09:00:00Z,2026-10-08T19:04:40Z,economia,gdelt_doc,titular_y_metadatos,,,France,false,2026-09-28T09:00:00Z
N-c294b5781931,Israel busca el apoyo de la ultraderecha latinoamericana frente a un creciente aislamiento por el genocidio,https://www.eldiario.es/internacional/israel-busca-apoyo-ultraderecha-latinoamericana-frente-creciente-aislamiento-genocidio_1_13539305.html,eldiario.es,es,,2026-09-28T07:45:00Z,2026-10-08T19:04:40Z,economia,gdelt_doc,titular_y_metadatos,,,Spain,false,2026-09-28T07:45:00Z
N-59b23931cb33,Canciller Martínez - Acha se reúne con su par emiratí para impulsar acuerdos comerciales e infraestructura,https://www.panamaamerica.com.pa/economia/canciller-martinez-acha-se-reune-con-su-par-emirati-para-impulsar-acuerdos-comerciales-e,panamaamerica.com.pa,es,,2026-09-28T07:45:00Z,2026-10-08T19:04:40Z,economia,gdelt_doc,titular_y_metadatos,,,Panama,false,2026-09-28T07:45:00Z
N-f6ce8d1bf80c,Venezuelans demand opposition leader Machado return and elections,https://www.latimes.com/world-nation/story/2026-09-27/venezuelans-demand-opposition-leader-machados-return-elections,latimes.com,en,2026-09-27T00:00:00Z,2026-09-28T07:30:00Z,2026-10-08T19:04:40Z,economia,gdelt_doc,titular_y_metadatos,,,United States,false,2026-09-27T00:00:00Z
N-cda3953101bf,"Banco Nacional destinará $1, 703 millones en préstamos dentro de su inversión 2027",https://www.laestrella.com.pa/economia/banco-nacional-destinara-1703-millones-en-prestamos-dentro-de-su-inversion-2027-AG26027272,laestrella.com.pa,es,,2026-09-28T07:30:00Z,2026-10-08T19:04:40Z,economia,gdelt_doc,titular_y_metadatos,,,Panama,false,2026-09-28T07:30:00Z
N-0e5cbfb7c64a,Mexico Flag Carrier Aeroméxico Quits Tulum Airport as Demand Slumps,https://www.riotimesonline.com/mexico-aeromexico-leaves-tulum-airport-2026,riotimesonline.com,en,,2026-09-28T07:30:00Z,2026-10-08T19:04:40Z,economia,gdelt_doc,titular_y_metadatos,,,Brazil,false,2026-09-28T07:30:00Z
N-0c207439728a,Panamá ante el reloj demográfico: Oportunidades que se escapan y política económicas que no llegan,https://www.laestrella.com.pa/economia/panama-ante-el-reloj-demografico-oportunidades-que-se-escapan-y-politica-economicas-que-no-llegan-EH26034671,laestrella.com.pa,es,,2026-09-28T07:30:00Z,2026-10-08T19:04:40Z,economia,gdelt_doc,titular_y_metadatos,,,Panama,false,2026-09-28T07:30:00Z
N-7f3be9ca617c,巴拿马经济强劲复苏 外资重返债券市场,https://finance.sina.com.cn/stock/usstock/c/2026-09-28/doc-initkhxe2921635.shtml,finance.sina.com.cn,zh,2026-09-28T00:00:00Z,2026-09-28T07:15:00Z,2026-10-08T19:04:40Z,economia,gdelt_doc,titular_y_metadatos,,,China,false,2026-09-28T00:00:00Z
N-22b6d45abc6d,Proyectan convertir los residuos plásticos en oportunidad de valor,https://efe.com/la-rioja/2026-09-28/un-proyecto-europeo-convertira-los-residuos-plasticos-en-una-oportunidad-de-valor,efe.com,es,2026-09-28T00:00:00Z,2026-09-28T07:00:00Z,2026-10-08T19:04:40Z,economia,gdelt_doc,titular_y_metadatos,,,United States,false,2026-09-28T00:00:00Z
N-ff746db89352,"153, 189 Shares in Orla Mining Ltd. $ORLA Acquired by UBS AM a distinct business unit of UBS ASSET MANAGEMENT AMERICAS LLC",https://www.themarketsdaily.com/2026/09/13/153189-shares-in-orla-mining-ltd-orla-acquired-by-ubs-am-a-distinct-business-unit-of-ubs-asset-management-americas-llc.html,themarketsdaily.com,en,2026-09-13T00:00:00Z,2026-09-13T09:15:00Z,2026-10-08T18:44:42Z,economia,gdelt_doc,titular_y_metadatos,,,United States,false,2026-09-13T00:00:00Z
N-d483202cba39,Πρωταγωνιστεί η Ελλάδα στη μάχη για ρεαλιστική απανθρακοποίηση,https://www.inewsgr.com/27/protagonistei-i-ellada-sti-machi-gia-realistiki-apanthrakopoiisi.htm,inewsgr.com,el,,2026-09-13T08:45:00Z,2026-10-08T18:44:42Z,economia,gdelt_doc,titular_y_metadatos,,,Greece,false,2026-09-13T08:45:00Z
N-7a2b25e073f6,Review: The Sea Captain Wife did his job; she wasnt paid | Lifestyles,https://www.thedailynewsonline.com/lifestyles/review-the-sea-captain-s-wife-did-his-job-she-wasn-t-paid/article_c9c3d2f8-4744-4f97-bf21-d69072a77c37.html,thedailynewsonline.com,en,,2026-09-13T08:45:00Z,2026-10-08T22:07:31Z,logistica,gdelt_doc,titular_y_metadatos,,,United States,false,2026-09-13T08:45:00Z
N-6422166f341b,Πρωταγωνιστεί η Ελλάδα στη μάχη για ρεαλιστική απανθρακοποίηση,https://www.tanea.gr/print/2026/09/13/economy/sti-maxi-crgia-realistiki-apanthrakopoiisicr,tanea.gr,el,2026-09-13T00:00:00Z,2026-09-13T08:45:00Z,2026-10-08T18:44:42Z,economia,gdelt_doc,titular_y_metadatos,,,Greece,false,2026-09-13T00:00:00Z
N-14c9fa852177,Η μεγαλύτερη κρουαζιέρα στην ιστορία ξεκίνησε από τη Ρώμη για έναν γύρο του κόσμου,https://www.madata.gr/free-time/travel/979093-i-megalyteri-kroyaziera-stin-istoria-xekinise-apo-ti-romi-gia-enan-gyro-toy-kosmoy.html,madata.gr,el,,2026-09-13T08:45:00Z,2026-10-08T22:07:31Z,logistica,gdelt_doc,titular_y_metadatos,,,Greece,false,2026-09-13T08:45:00Z
N-ed497abba9c3,Hereford y Copayan: la carne con marca es un sí y hubo evento de lanzamiento en la Rural del Prado 2026,https://rurales.elpais.com.uy/ganaderia/hereford-y-copayan-la-carne-con-marca-es-un-si-y-hubo-evento-de-lanzamiento-en-la-rural-del-prado-2026,rurales.elpais.com.uy,es,,2026-09-13T08:00:00Z,2026-10-08T22:07:31Z,logistica,gdelt_doc,titular_y_metadatos,,,Uruguay,false,2026-09-13T08:00:00Z
N-11e1417c00cb,Gaziantepli halıcıların rotası Latin Amerikaya çevrildi,https://www.haberport.com/haber/gaziantepli-halicilarin-rotasi-latin-amerikaya-cevrildi/27803,haberport.com,tr,,2026-09-13T08:00:00Z,2026-10-08T22:07:31Z,logistica,gdelt_doc,titular_y_metadatos,,,Turkey,false,2026-09-13T08:00:00Z
N-52cf60bc5719,Inspeccionan proyecto eléctrico en Colón abandonado desde la pandemia,https://www.critica.com.pa/nacional/inspeccionan-proyecto-electrico-en-colon-abandonado-desde-la-pandemia-516259,critica.com.pa,es,,2026-09-13T07:30:00Z,2026-10-08T18:41:45Z,general,gdelt_doc,titular_y_metadatos,,,Panama,false,2026-09-13T07:30:00Z
N-e0ee216032af,"2026 El Niño will be More Severe than any ever Recorded, affecting global Shipping, Fish Behavior and Heat",https://www.juancole.com/2026/09/recorded-affecting-shipping.html,juancole.com,en,,2026-09-13T07:00:00Z,2026-10-08T18:44:42Z,economia,gdelt_doc,titular_y_metadatos,,,United States,false,2026-09-13T07:00:00Z
N-7a8ebad57bee,"¿Estamos de nuevo en la antesala de la I Guerra Mundial?, por Shlomo Ben Ami",https://www.lavanguardia.com/internacional/20260913/11633320/nuevo-antesala-i-guerra-mundial.html,lavanguardia.com,es,,2026-09-13T06:45:00Z,2026-10-08T18:44:42Z,economia,gdelt_doc,titular_y_metadatos,,,Spain,false,2026-09-13T06:45:00Z
N-b82d14cdb686,Oferta exportable de Panamá alcanza $913. 1 millones y sube 18. 5% a julio,https://www.laestrella.com.pa/economia/oferta-exportable-de-panama-alcanza-9131-millones-y-sube-185-a-julio-AC25637755,laestrella.com.pa,es,,2026-09-13T05:30:00Z,2026-10-08T18:41:45Z,general,gdelt_doc,titular_y_metadatos,,,Panama,false,2026-09-13T05:30:00Z
N-b16c57d0755c,Incidencia eléctrica afecta sectores de Panamá y San Miguelito,https://www.laestrella.com.pa/panama/nacional/incidencia-electrica-afecta-sectores-de-panama-y-san-miguelito-HF25644993,laestrella.com.pa,es,,2026-09-13T05:30:00Z,2026-10-08T18:41:45Z,general,gdelt_doc,titular_y_metadatos,,,Panama,false,2026-09-13T05:30:00Z
N-a8a8d54ba185,¿Qué busca Francia en Panamá? El Canal y nuevas oportunidades de inversión,https://www.laestrella.com.pa/economia/que-busca-francia-en-panama-el-canal-y-nuevas-oportunidades-de-inversion-LC25638650,laestrella.com.pa,es,,2026-09-13T05:30:00Z,2026-10-08T18:41:45Z,general,gdelt_doc,titular_y_metadatos,,,Panama,false,2026-09-13T05:30:00Z
N-9794a1f26959,สถานการณ์แรงงานประจำสัปดาห์ 7 - 13 ก. ย. 2569,https://prachatai.com/journal/2026/09/118727,prachatai.com,th,,2026-09-13T05:30:00Z,2026-10-08T18:44:42Z,economia,gdelt_doc,titular_y_metadatos,,,Thailand,false,2026-09-13T05:30:00Z
N-896ac7aac1e3,Fundación Rescate de Alimentos es la protagonista de la Gala de Bristol 2026,https://www.laestrella.com.pa/vida-y-cultura/cultura/fundacion-rescate-de-alimentos-es-la-protagonista-de-la-gala-de-bristol-2026-GC25636734,laestrella.com.pa,es,,2026-09-13T05:30:00Z,2026-10-08T18:41:45Z,general,gdelt_doc,titular_y_metadatos,,,Panama,false,2026-09-13T05:30:00Z
N-7a09777f49d8,"Universidad y minería, una visión crítica",https://www.laestrella.com.pa/vida-y-cultura/cultura/universidad-y-mineria-una-vision-critica-NC25636865,laestrella.com.pa,es,,2026-09-13T05:30:00Z,2026-10-08T18:41:45Z,general,gdelt_doc,titular_y_metadatos,,,Panama,false,2026-09-13T05:30:00Z
N-669ea991a0e0,Convenio Herrán - Cass: el inicio de las ambiciones de EE. UU. sobre Panamá,https://www.laestrella.com.pa/panama/publicando-historia/convenio-herran-cass-el-inicio-de-las-ambiciones-de-ee-uu-sobre-panama-EB25605463,laestrella.com.pa,es,,2026-09-13T05:30:00Z,2026-10-08T18:41:45Z,general,gdelt_doc,titular_y_metadatos,,,Panama,false,2026-09-13T05:30:00Z
N-5f7a08d7e644,Hoteles y franquicia ingresan al mercado eléctrico mayorista,https://www.laestrella.com.pa/economia/hoteles-y-franquicia-ingresan-al-mercado-electrico-mayorista-GC25638718,laestrella.com.pa,es,,2026-09-13T05:30:00Z,2026-10-08T18:41:45Z,general,gdelt_doc,titular_y_metadatos,,,Panama,false,2026-09-13T05:30:00Z
N-3a7287fdd261,"Terminal 3 de Tocumen: un proyecto de $3, 500 millones que Panamá aún no necesita",https://www.laestrella.com.pa/panama/nacional/terminal-3-de-tocumen-un-proyecto-de-3500-millones-que-panama-aun-no-necesita-DC25638694,laestrella.com.pa,es,,2026-09-13T05:30:00Z,2026-10-08T18:41:45Z,general,gdelt_doc,titular_y_metadatos,,,Panama,false,2026-09-13T05:30:00Z
N-023e672269fd,Miguel Ordez: Pandeportes no tiene la capacidad de asumir el mantenimiento de las obras,https://www.laestrella.com.pa/panama/poligrafo/miguel-ordonez-pandeportes-no-tiene-la-capacidad-de-asumir-el-mantenimiento-de-las-obras-DC25638803,laestrella.com.pa,es,,2026-09-13T05:30:00Z,2026-10-08T18:41:45Z,general,gdelt_doc,titular_y_metadatos,,,Panama,false,2026-09-13T05:30:00Z
N-d4ab4247bcbc,¿Y si una parte del tranque depende de nosotros?,https://www.prensa.com/opinion/y-si-una-parte-del-tranque-depende-de-nosotros,prensa.com,es,,2026-09-13T04:15:00Z,2026-10-08T18:41:45Z,general,gdelt_doc,titular_y_metadatos,,,Panama,false,2026-09-13T04:15:00Z
N-c5d83a1012cf,Panamá conquista los Juegos Codicader con 72 medallas de oro,https://www.prensa.com/deportes/panama-conquista-los-juegos-codicader-con-72-medallas-de-oro,prensa.com,es,,2026-09-13T04:15:00Z,2026-10-08T18:41:45Z,general,gdelt_doc,titular_y_metadatos,,,Panama,false,2026-09-13T04:15:00Z
N-c0c3e5bd15ab,Hacer la diferencia en un mundo cambiante,https://www.prensa.com/opinion/hacer-la-diferencia-en-un-mundo-cambiante,prensa.com,es,,2026-09-13T04:15:00Z,2026-10-08T18:41:45Z,general,gdelt_doc,titular_y_metadatos,,,Panama,false,2026-09-13T04:15:00Z
N-aa32193e50db,Mucho había durado,https://www.prensa.com/opinion/mucho-habia-durado,prensa.com,es,,2026-09-13T04:15:00Z,2026-10-08T18:41:45Z,general,gdelt_doc,titular_y_metadatos,,,Panama,false,2026-09-13T04:15:00Z
N-a7fe48213970,Santa Fe pone en acción los Suramericanos con emotiva ceremonia inaugural; Panamá está en la fiesta,https://www.prensa.com/deportes/santa-fe-pone-en-accion-los-juegos-suramericanos-con-una-emotiva-ceremonia-inaugural,prensa.com,es,,2026-09-13T04:15:00Z,2026-10-08T18:41:45Z,general,gdelt_doc,titular_y_metadatos,,,Panama,false,2026-09-13T04:15:00Z
N-a2f3c55d959c,El estatus migratorio y la vivienda principal: ¿existe un exceso reglamentario y de aplicación de la ley?,https://www.prensa.com/opinion/el-estatus-migratorio-y-la-vivienda-principal-existe-un-exceso-reglamentario-y-de-aplicacion-de-la-ley,prensa.com,es,,2026-09-13T04:15:00Z,2026-10-08T18:41:45Z,general,gdelt_doc,titular_y_metadatos,,,Panama,false,2026-09-13T04:15:00Z
N-4f46e8182810,Caso Odebrecht y la necesidad de un epílogo,https://www.prensa.com/opinion/caso-odebrecht-y-la-necesidad-de-un-epilogo,prensa.com,es,,2026-09-13T04:15:00Z,2026-10-08T18:41:45Z,general,gdelt_doc,titular_y_metadatos,,,Panama,false,2026-09-13T04:15:00Z
N-35522b5ef9e8,Salsipuedes: la memoria que se camina,https://www.prensa.com/opinion/salsipuedes-la-memoria-que-se-camina,prensa.com,es,,2026-09-13T04:15:00Z,2026-10-08T18:41:45Z,general,gdelt_doc,titular_y_metadatos,,,Panama,false,2026-09-13T04:15:00Z
N-18fb2324db75,La sociedad que estamos formando,https://www.prensa.com/opinion/la-sociedad-que-estamos-formando,prensa.com,es,,2026-09-13T04:15:00Z,2026-10-08T18:41:45Z,general,gdelt_doc,titular_y_metadatos,,,Panama,false,2026-09-13T04:15:00Z
N-fade6133d15b,El BRICS promete al Sur Global salir de la última fila,https://www.telesurtv.net/brics-china-sur-global-salir-ultima-fila,telesurtv.net,es,,2026-09-13T02:45:00Z,2026-10-08T18:44:42Z,economia,gdelt_doc,titular_y_metadatos,,,United States,false,2026-09-13T02:45:00Z
N-d3c3f7970bca,¡Abraham tiene nueva novia! Le preparó una romántica propuesta a la cubana Flavia Cordo con rosas y globos,https://www.midiario.com/farandula/abraham-tiene-nueva-novia-le-preparo-una-romantica-propuesta-a-la-cubana-flavia-cordo-con-rosas-y-globos,midiario.com,es,,2026-09-13T02:45:00Z,2026-10-08T18:41:45Z,general,gdelt_doc,titular_y_metadatos,,,Panama,false,2026-09-13T02:45:00Z
N-bb6623b6bdee,Navidad 2026 de la Alcaldía de Panamá superaría los $3. 8 millones en contratos,https://www.midiario.com/nacionales/navidad-2026-de-la-alcaldia-de-panama-superaria-los-38-millones-en-contratos,midiario.com,es,,2026-09-13T02:45:00Z,2026-10-08T18:41:45Z,general,gdelt_doc,titular_y_metadatos,,,Panama,false,2026-09-12T19:30:00Z
N-20f851c2fd60,¡VUELTA AL MARCADOR! Panamá Oeste supera a Los Santos y se corona campeón en el U10,https://www.midiario.com/deportivas/vuelta-al-marcador-panama-oeste-supera-a-los-santos-y-se-corona-campeon-en-el-u10,midiario.com,es,,2026-09-13T02:45:00Z,2026-10-08T18:41:45Z,general,gdelt_doc,titular_y_metadatos,,,Panama,false,2026-09-13T02:45:00Z
N-0debb9a492fc,VÍDEO | No pasó el filtro: Detectan a peruano requerido por delitos sexuales,https://www.midiario.com/policiales/no-paso-el-filtro-detectan-a-peruano-requerido-por-delitos-sexuales,midiario.com,es,,2026-09-13T02:45:00Z,2026-10-08T18:41:45Z,general,gdelt_doc,titular_y_metadatos,,,Panama,false,2026-09-13T02:45:00Z
N-f617468a828d,"Desde Nueva York, que desbanca a San Francisco como verdadera capital de Silicon Valley, hasta el Canal de Panamá que se suma al Estrecho de Ormuz para liar la economía mundial",https://www.elmundo.es/economia/macroeconomia/2026/09/13/6aa4190121efa0632e8b45a3.html,elmundo.es,es,2026-09-13T00:00:00Z,2026-09-13T02:15:00Z,2026-10-08T18:44:42Z,economia,gdelt_doc,titular_y_metadatos,,,Spain,false,2026-09-13T00:00:00Z
N-345ae8823de8,Bab El - Mandeb: When a Small Island Can Move World Trade,http://www.bignewsnetwork.com/news/279303609/bab-el-mandeb-when-a-small-island-can-move-world-trade,bignewsnetwork.com,en,,2026-09-13T01:15:00Z,2026-10-08T18:44:42Z,economia,gdelt_doc,titular_y_metadatos,,,United States,false,2026-09-13T01:15:00Z
N-0925027270aa,Power costs biggest threat to hotels – Panama Hotel CEO,https://punchng.com/power-costs-biggest-threat-to-hotel-businesses-panama-hotel-ceo,punchng.com,en,,2026-09-13T01:15:00Z,2026-10-08T18:44:42Z,economia,gdelt_doc,titular_y_metadatos,,,Nigeria,false,2026-09-13T01:15:00Z
N-f3583997ae8e,Lo que pasó este sábado 12 de septiembre: las noticias que marcaron la jornada,https://www.laestrella.com.pa/panama/nacional/lo-que-paso-este-sabado-12-de-septiembre-las-noticias-que-marcaron-la-jornada-CF25641399,laestrella.com.pa,es,,2026-09-13T01:00:00Z,2026-10-08T18:41:45Z,general,gdelt_doc,titular_y_metadatos,,,Panama,false,2026-09-13T01:00:00Z
N-debe94590ae6,Inicio | Periódico CiudadCCS,http://www.ciudadccs.info/publicacion/50177-venezuela-asume-vicepresidencia-de-historiadores-del-caribe,ciudadccs.info,es,,2026-09-13T01:00:00Z,2026-10-08T18:44:42Z,economia,gdelt_doc,titular_y_metadatos,,,Venezuela,false,2026-09-13T01:00:00Z
N-3c0e8629a26a,¡No existe doble cobro! Sonda aclara dudas sobre el nuevo sistema del Metro y Metrobús,https://www.telemetro.com/nacionales/no-existe-doble-cobro-sonda-aclara-dudas-el-nuevo-sistema-del-metro-y-metrobus-n6091609,telemetro.com,es,,2026-09-13T01:00:00Z,2026-10-08T18:41:45Z,general,gdelt_doc,titular_y_metadatos,,,Panama,false,2026-09-13T01:00:00Z
N-2a37a0bad1d6,Los diputados Camacho y Duke chocan por el proceso de aprobación del presupuesto 2027,https://www.laestrella.com.pa/panama/nacional/los-diputados-camacho-y-duke-chocan-por-el-proceso-de-aprobacion-del-presupuesto-2027-FF25640544,laestrella.com.pa,es,,2026-09-13T01:00:00Z,2026-10-08T18:41:45Z,general,gdelt_doc,titular_y_metadatos,,,Panama,false,2026-09-13T01:00:00Z
N-09557e5550fa,Senan refuerza operativos en las costas de Veraguas tras enfrentamiento entre pescadores,https://www.laestrella.com.pa/panama/nacional/senan-refuerza-operativos-en-las-costas-de-veraguas-tras-enfrentamiento-entre-pescadores-DC25636577,laestrella.com.pa,es,,2026-09-13T01:00:00Z,2026-10-08T18:41:45Z,general,gdelt_doc,titular_y_metadatos,,,Panama,false,2026-09-13T01:00:00Z
N-a3bd83ff11cc,Claves para Colombia reconquistar y atraer a la inversión extranjera al país: estos son los retos que le esperan al gobierno De la Espriella,https://www.eltiempo.com/economia/sectores/claves-para-colombia-reconquistar-y-atraer-a-la-inversion-extranjera-al-pais-estos-son-los-retos-que-le-esperan-al-gobierno-de-la-espriella-3585500,eltiempo.com,es,,2026-09-13T00:30:00Z,2026-10-08T18:44:42Z,economia,gdelt_doc,titular_y_metadatos,,,Colombia,false,2026-09-13T00:30:00Z
N-973224e9b4c7,MiAmbiente hace llamado de atención a pescadores de Coquira que alimentan a los cocodrilos,https://www.panamaamerica.com.pa/aldea-global/miambiente-hace-llamado-de-atencion-pescadores-de-coquira-que-alimentan-los-cocodrilos,panamaamerica.com.pa,es,,2026-09-13T00:30:00Z,2026-10-08T18:41:45Z,general,gdelt_doc,titular_y_metadatos,,,Panama,false,2026-09-13T00:30:00Z
N-7fe5e3c27af1,Η Διώρυγα του Παναμά σε κρίση: Πλειστηριασμοί εκατομμυρίων για την παράκαμψη της αναμονής,https://www.naftemporiki.gr/finance/world/2160769/dioryga-toy-panama-pleistiriasmoi-ekatommyrion-gia-tin-parakampsi-tis-anamonis-meionontai-oi-dieleyseis,naftemporiki.gr,el,,2026-09-12T23:30:00Z,2026-10-08T22:07:31Z,logistica,gdelt_doc,titular_y_metadatos,,,Greece,false,2026-09-12T23:30:00Z
N-7dc53f071bcf,A Panama Movie Chichero May Represent the Isthmus at the 2027 Oscars and Goyas.,https://newsroompanama.com/2026/09/12/a-panama-movie-chichero-may-represent-the-isthmus-at-the-2027-oscars-and-goyas,newsroompanama.com,en,2026-09-12T00:00:00Z,2026-09-12T23:30:00Z,2026-10-08T18:41:45Z,general,gdelt_doc,titular_y_metadatos,,,Panama,false,2026-09-12T00:00:00Z
N-620a679e9fcf,Newsroom Panama,https://newsroompanama.com/page/2486,newsroompanama.com,en,,2026-09-12T23:30:00Z,2026-10-08T18:41:45Z,general,gdelt_doc,titular_y_metadatos,,,Panama,false,2026-09-12T23:30:00Z
N-b13d2135dbf6,¡La mola cruza fronteras! Destacan la cultura Guna en aeropuerto de Bogotá,https://www.midiario.com/nacionales/la-mola-cruza-fronteras-destacan-la-cultura-guna-en-aeropuerto-de-bogota,midiario.com,es,,2026-09-12T22:00:00Z,2026-10-08T18:41:45Z,general,gdelt_doc,titular_y_metadatos,,,Panama,false,2026-09-12T22:00:00Z
N-a28a7bda9ddf,CRUELDAD EN ARRAIJÁN: Encuentran a una mujer sin vida; estaba en ropa interior y el caso podría tratarse del homicidio 31 en Panamá Oeste,https://www.midiario.com/policiales/crueldad-en-arraijan-encuentran-a-una-mujer-sin-vida-estaba-en-ropa-interior-y-el-caso-podria-ser-el-homicidio-31-en-panama-oeste,midiario.com,es,,2026-09-12T22:00:00Z,2026-10-08T18:41:45Z,general,gdelt_doc,titular_y_metadatos,,,Panama,false,2026-09-12T22:00:00Z
N-37bbb8722ba8,Cantante Boza se presentará en Costa Rica: conozca aquí todos los detalles de su concierto,https://www.nacion.com/spotlight/cantante-boza-se-presentara-en-costa-rica-conozca/QN2KES2ISBAH7K2SKJ7NVPXN3E/story,nacion.com,es,,2026-09-12T22:00:00Z,2026-10-08T22:07:31Z,logistica,gdelt_doc,titular_y_metadatos,,,United States,false,2026-09-12T22:00:00Z
N-042e21b359dc,"Atrapan a Guillermo Quintero, uno de los más buscados por homicidio en San Miguelito",https://www.midiario.com/policiales/atrapan-a-guillermo-quintero-uno-de-los-mas-buscados-por-homicidio-en-san-miguelito,midiario.com,es,,2026-09-12T22:00:00Z,2026-10-08T18:41:45Z,general,gdelt_doc,titular_y_metadatos,,,Panama,false,2026-09-12T22:00:00Z
N-369e8f583cb4,Saneamiento de Panamá ya no abrirá más pozos para proyecto del Matasnillo; este mes comienzan a cerrar pozos,https://www.panamaamerica.com.pa/sociedad/saneamiento-de-panama-ya-no-abrira-mas-pozos-para-proyecto-del-matasnillo-este-mes,panamaamerica.com.pa,es,,2026-09-12T21:45:00Z,2026-10-08T18:41:45Z,general,gdelt_doc,titular_y_metadatos,,,Panama,false,2026-09-12T21:45:00Z
N-7447a909ffa3,ترمب يحمر للبرهان ويهدده بالكيماوي ؟,https://sudanile.com/%D8%AA%D8%B1%D9%85%D8%A8-%D9%8A%D8%AD%D9%85%D8%B1-%D9%84%D9%84%D8%A8%D8%B1%D9%87%D8%A7%D9%86-%D9%88%D9%8A%D9%87%D8%AF%D8%AF%D9%87-%D8%A8%D8%A7%D9%84%D9%83%D9%8A%D9%85%D8%A7%D9%88%D9%8A-%D8%9F,sudanile.com,ar,,2026-09-12T21:00:00Z,2026-10-08T18:44:42Z,economia,gdelt_doc,titular_y_metadatos,,,Sudan,false,2026-09-12T21:00:00Z
N-ed7d0da31824,Tigres y Toluca presumen ataque de Copa del Mundo 2026 en Liga MX,https://www.futboltotal.com.mx/futbol-mexicano/liga-mx/tigres-toluca-ataque-copa-del-mundo-2026-liga-mx/2026/09,futboltotal.com.mx,es,,2026-09-12T20:15:00Z,2026-10-08T18:44:42Z,economia,gdelt_doc,titular_y_metadatos,,,Mexico,false,2026-09-12T20:15:00Z
N-c53d81bbfc62,Rosh Hashaná 2026: ¿quiénes tendrán libre este sábado 12 de septiembre en Panamá por el Año Nuevo judío?,https://www.telemetro.com/nacionales/rosh-hashana-2026-quienes-tendran-libre-este-sabado-12-septiembre-panama-el-ano-nuevo-judio-n6091516,telemetro.com,es,,2026-09-12T20:15:00Z,2026-10-08T18:41:45Z,general,gdelt_doc,titular_y_metadatos,,,Panama,false,2026-09-12T20:15:00Z
N-a9d1943889b3,"RN amplia mercados, diversifica pauta e exportaes crescem 38, 6% em agosto",https://tribunadonorte.com.br/economia/rn-amplia-mercados-diversifica-pauta-e-exportacoes-crescem-386-em-agosto,tribunadonorte.com.br,pt,,2026-09-12T20:15:00Z,2026-10-08T18:44:42Z,economia,gdelt_doc,titular_y_metadatos,,,Brazil,false,2026-09-12T20:15:00Z
N-5bcd311844a6,"¡Jefa, jefa, jefa!: quién es Ilya Espino de Marotta, la ingeniera de casco rosa que al frente del Canal de Panamá supervisa parte del comercio mundial",https://www.prensalibre.com/internacional/bbc-news-mundo-internacional/jefa-jefa-jefa-quien-es-ilya-espino-de-marotta-la-ingeniera-de-casco-rosa-que-al-frente-del-canal-de-panama-supervisa-parte-del-comercio-mundial-3,prensalibre.com,es,,2026-09-12T20:15:00Z,2026-10-08T18:44:42Z,economia,gdelt_doc,titular_y_metadatos,,,Guatemala,false,2026-09-12T17:15:00Z
N-3b80ea91b9bb,"¡Jefa, jefa, jefa!: quién es Ilya Espino de Marotta, la ingeniera de casco rosa que al frente del Canal de Panamá supervisa parte del comercio mundial",https://www.prensalibre.com/internacional/bbc-news-mundo-internacional/jefa-jefa-jefa-quien-es-ilya-espino-de-marotta-la-ingeniera-de-casco-rosa-que-al-frente-del-canal-de-panama-supervisa-parte-del-comercio-mundial-2,prensalibre.com,es,,2026-09-12T20:15:00Z,2026-10-08T18:44:42Z,economia,gdelt_doc,titular_y_metadatos,,,Guatemala,false,2026-09-12T17:15:00Z
N-ed44fda9b8dd,Chapman: Sector privado es el principal motor del crecimiento económico,https://www.panamaamerica.com.pa/economia/chapman-sector-privado-es-el-principal-motor-del-crecimiento-economico-1266265,panamaamerica.com.pa,es,,2026-09-12T20:00:00Z,2026-10-08T18:41:45Z,general,gdelt_doc,titular_y_metadatos,,,Panama,false,2026-09-12T20:00:00Z
N-6569c9fb0568,"D - Max, el prófugo colombiano que estuvo encarcelado en Panamá bajo un nombre falso",https://www.panamaamerica.com.pa/sociedad/d-max-el-profugo-colombiano-que-estuvo-encarcelado-en-panama-bajo-un-nombre-falso-1266263,panamaamerica.com.pa,es,,2026-09-12T20:00:00Z,2026-10-08T18:41:45Z,general,gdelt_doc,titular_y_metadatos,,,Panama,false,2026-09-12T20:00:00Z
N-24046b2b48b3,¡Cuidado!: El trend viral de los 80 con IA también puede exponer sus datos personales,https://www.panamaamerica.com.pa/tecnologia/cuidado-el-trend-viral-de-los-80s-con-ia-tambien-puede-exponer-sus-datos-personales,panamaamerica.com.pa,es,,2026-09-12T20:00:00Z,2026-10-08T18:41:45Z,general,gdelt_doc,titular_y_metadatos,,,Panama,false,2026-09-12T20:00:00Z
N-e7db73c39e86,Διώρυγα Παναμά: Η λειψυδρία εκτοξεύει το κόστος διέλευσης,https://www.sofokleousin.gr/epikairotita/diethni/dioryga-panama-i-leipsydria-ektokseyei-to-kostos-dieleysis,sofokleousin.gr,el,,2026-09-12T19:45:00Z,2026-10-08T22:07:31Z,logistica,gdelt_doc,titular_y_metadatos,,,Greece,false,2026-09-12T19:45:00Z
N-63a7a2afb5b7,Meta: conselho pede manter checagem na América Latina - 12 / 09 / 2026 - Economia,https://www1.folha.uol.com.br/mercado/2026/09/conselho-de-supervisao-da-meta-pede-que-verificacao-nao-seja-substituida-por-notas-da-comunidade.shtml,folha.uol.com.br,pt,,2026-09-12T19:45:00Z,2026-10-08T18:44:42Z,economia,gdelt_doc,titular_y_metadatos,,,Brazil,false,2026-09-12T19:45:00Z
N-ffe85b9a9510,Navidad 2026 de la Alcaldía de Panamá superaría los $3. 8 millones en contratos,https://www.prensa.com/politica/navidad-2026-de-la-alcaldia-de-panama-superaria-los-38-millones-en-contratos,prensa.com,es,,2026-09-12T19:30:00Z,2026-10-08T18:41:45Z,general,gdelt_doc,titular_y_metadatos,,,Panama,false,2026-09-12T19:30:00Z
N-523b00c1c199,La película CHICHERO representará a Panamá en los Goya 2027 y buscará una nominación al Óscar,https://www.telemetro.com/entretenimiento/la-pelicula-chichero-representara-panama-los-goya-2027-y-buscara-una-nominacion-al-oscar-n6091573,telemetro.com,es,,2026-09-12T19:15:00Z,2026-10-08T18:41:45Z,general,gdelt_doc,titular_y_metadatos,,,Panama,false,2026-09-12T19:15:00Z
N-fe1e5505bf42,Centroamérica completa su cuadro: estas son las reinas rumbo a Puerto Rico 2026,https://www.elheraldo.hn/fotogalerias/entretenimiento/las-siete-coronas-de-centroamerica-asi-son-las-reinas-que-van-por-miss-universo-2026-LA32014087,elheraldo.hn,es,,2026-09-12T18:45:00Z,2026-10-08T22:07:31Z,logistica,gdelt_doc,titular_y_metadatos,,,Honduras,false,2026-09-12T18:45:00Z
N-b6841091a70c,Let meet panamá cierra su cuarta edición con nuevos eventos internacionales y alianzas para el país • PDCC,https://newsinamerica.com/pdcc/turismo/2026/lets-meet-panama-cierra-su-cuarta-edicion-con-nuevos-eventos-internacionales-y-alianzas-para-el-pais,newsinamerica.com,es,,2026-09-12T18:45:00Z,2026-10-08T18:44:42Z,economia,gdelt_doc,titular_y_metadatos,,,Guatemala,false,2026-09-12T18:45:00Z
N-3a3115278e1a,In Panama the Board of Directors Appoints Miguel Lorenzo as Deputy Administrator of the Canal.,https://newsroompanama.com/2026/09/12/in-panama-the-board-of-directors-appoints-miguel-lorenzo-as-deputy-administrator-of-the-canal,newsroompanama.com,en,2026-09-12T00:00:00Z,2026-09-12T18:45:00Z,2026-10-08T18:41:45Z,general,gdelt_doc,titular_y_metadatos,,,Panama,false,2026-09-12T00:00:00Z
N-6b6cec9ffda8,"COSEC: Polémique judiciaire mise à part, que vaut vraiment le CV du nouveau DG Ousseynou Pouye?",https://www.seneweb.com/fr/news/Politique/cosec-polemique-judiciaire-mise-a-part-que-vaut-vraiment-le-cv-du-nouveau-dg-ousseynou-pouye_n_504082.html,seneweb.com,fr,,2026-09-12T18:30:00Z,2026-10-08T18:44:42Z,economia,gdelt_doc,titular_y_metadatos,,,Senegal,false,2026-09-12T18:30:00Z
N-ad76ad23c7aa,Avanzan gestiones para llevar electricidad a la comunidad de Quebraón,https://www.diaadia.com.pa/el-pais/avanzan-gestiones-para-llevar-electricidad-la-comunidad-de-quebraon-791562,diaadia.com.pa,es,,2026-09-12T18:00:00Z,2026-10-08T18:41:45Z,general,gdelt_doc,titular_y_metadatos,,,Panama,false,2026-09-12T18:00:00Z
N-e9d5866d7e48,"¡Panamá Norte, llegó su turno! IFARHU anuncia cuándo y dónde podrá retirar la tarjeta del PASE - U esta semana",https://www.midiario.com/nacionales/panama-norte-llego-tu-turno-ifarhu-anuncia-cuando-y-donde-podra-retirar-la-tarjeta-del-pase-u-esta-semana,midiario.com,es,,2026-09-12T17:15:00Z,2026-10-08T18:41:45Z,general,gdelt_doc,titular_y_metadatos,,,Panama,false,2026-09-12T17:15:00Z
N-ca8f8f793b7e,Sigue la tiradera por quién es el FEO de Panamá: La Peke le responde a Yemil tras decirle que además era un limpio,https://www.midiario.com/farandula/sigue-la-tiradera-por-quien-es-el-feo-de-panama-la-peke-le-responde-a-yemil-tras-decirle-que-ademas-era-un-limpio,midiario.com,es,,2026-09-12T17:15:00Z,2026-10-08T18:41:45Z,general,gdelt_doc,titular_y_metadatos,,,Panama,false,2026-09-12T17:15:00Z
N-65ce9083d40d,"¡Jefa, jefa, jefa!: quién es Ilya Espino de Marotta, la ingeniera de casco rosa que al frente del Canal de Panamá supervisa parte del comercio mundial",https://www.prensalibre.com/internacional/bbc-news-mundo-internacional/jefa-jefa-jefa-quien-es-ilya-espino-de-marotta-la-ingeniera-de-casco-rosa-que-al-frente-del-canal-de-panama-supervisa-parte-del-comercio-mundial,prensalibre.com,es,,2026-09-12T17:15:00Z,2026-10-08T18:44:42Z,economia,gdelt_doc,titular_y_metadatos,,,Guatemala,false,2026-09-12T17:15:00Z
N-253a26067a13,Los 33 se fueron a Argentina y dejaron al rock panameño grabado en estudios históricos,https://www.midiario.com/farandula/los-33-se-fueron-a-argentina-y-dejaron-al-rock-panameno-grabado-en-estudios-historicos,midiario.com,es,,2026-09-12T17:15:00Z,2026-10-08T18:41:45Z,general,gdelt_doc,titular_y_metadatos,,,Panama,false,2026-09-12T17:15:00Z
N-984ac5ba5bea,H Κίνα θέλει να μετατρέψει τους δασμούς του Τραμπ σε όπλο για το παγκόσμιο εμπόριο,https://www.inewsgr.com/93/H-kina-thelei-na-metatrepsei-tous-dasmous-tou-trab-se-oplo-gia-to-pagkosmio-eborio.htm,inewsgr.com,el,,2026-09-12T17:00:00Z,2026-10-08T18:44:42Z,economia,gdelt_doc,titular_y_metadatos,,,Greece,false,2026-09-12T17:00:00Z
N-7d997488e625,IFARHU: calendario de entrega de tarjetas del PASE - U del 14 al 19 de septiembre,https://www.telemetro.com/nacionales/ifarhu-calendario-entrega-tarjetas-del-pase-u-del-14-al-19-septiembre-n6091562,telemetro.com,es,,2026-09-12T17:00:00Z,2026-10-08T18:41:45Z,general,gdelt_doc,titular_y_metadatos,,,Panama,false,2026-09-12T17:00:00Z
N-4025d7781009,Άλμα στις τιμές των ναύλων: Γεωπολιτικές εντάσεις και μεγάλες διαδρομές φέρνουν « ράλι » στα ξηρά φορτία - Ο ρόλος του καιρού,https://www.enikonomia.gr/economy/alma-stis-times-ton-navlon-geopolitik/714639,enikonomia.gr,el,,2026-09-12T17:00:00Z,2026-10-08T18:44:42Z,economia,gdelt_doc,titular_y_metadatos,,,Greece,false,2026-09-12T17:00:00Z
N-a6a7cf947f0a,FO Exclusive: Global Economy Teetering on Brink of Major Crisis,https://www.fairobserver.com/economics/fo-exclusive-global-economy-teetering-on-brink-of-major-crisis,fairobserver.com,en,,2026-09-12T16:30:00Z,2026-10-08T18:44:42Z,economia,gdelt_doc,titular_y_metadatos,,,United States,false,2026-09-12T16:30:00Z
N-202431d6a2c0,"Rosario después de los Juegos: obras, nuevos deportes y el desafío de que el legado perdure",https://www.rosario3.com/informaciongeneral/rosario-despues-de-los-juegos-obras-nuevos-deportes-y-el-desafio-de-que-el-legado-perdure-20260911-0042.html,rosario3.com,es,,2026-09-12T16:15:00Z,2026-10-08T18:44:42Z,economia,gdelt_doc,titular_y_metadatos,,,Argentina,false,2026-09-12T16:15:00Z
N-62a7f210c818,Ministro de Comercio de Francia visitará el Canal de Panamá para explorar negocios,https://www.revistaeyn.com/centroamericaymundo/ministro-de-comercio-de-francia-visitara-el-canal-de-panama-para-explorar-negocios-HB32009583,revistaeyn.com,es,,2026-09-12T16:00:00Z,2026-10-08T18:44:42Z,economia,gdelt_doc,titular_y_metadatos,,,,false,2026-09-12T16:00:00Z
N-70292e99a990,"Me iban a ejecutar y él me salvó la vida: Jorge Silva, el capitán de la Fuerza Aérea de Chile que desafió las órdenes de los golpistas y terminó torturado",https://acento.com.do/bbc-news-mundo/me-iban-a-ejecutar-y-el-me-salvo-la-vida-jorge-silva-el-capitan-de-la-fuerza-aerea-de-chile-que-desafio-las-ordenes-de-los-golpistas-y-termino-torturado-9752033.html,acento.com.do,es,,2026-09-12T15:30:00Z,2026-10-08T22:07:31Z,logistica,gdelt_doc,titular_y_metadatos,,,Dominican Republic,false,2026-09-12T15:30:00Z
N-dd34c48ca6b0,"El Niño amenaza con encarecer alimentos, energía y logística en Centroamérica y República Dominicana durante 2027",https://www.infobae.com/el-salvador/2026/09/12/el-nino-amenaza-con-encarecer-alimentos-energia-y-logistica-en-centroamerica-y-republica-dominicana-durante-2027,infobae.com,es,2026-09-12T00:00:00Z,2026-09-12T14:30:00Z,2026-10-08T18:44:42Z,economia,gdelt_doc,titular_y_metadatos,,,Argentina,false,2026-09-12T00:00:00Z
N-dcd6786b89f9,贵州行 （ 1 ） 酒香万里催人醉 访茅台镇 - 博客,https://blog.wenxuecity.com/myblog/57811/202609/8785.html,blog.wenxuecity.com,zh,,2026-09-12T14:15:00Z,2026-10-08T18:44:42Z,economia,gdelt_doc,titular_y_metadatos,,,China,false,2026-09-12T14:15:00Z
N-dc5cea3ff0ce,The Harpy Eagle Became Panama Official National Bird on April 10 of 2002.,https://newsroompanama.com/2026/09/12/the-harpy-eagle-became-panamas-official-national-bird-on-april-10-of-2002,newsroompanama.com,en,2026-09-12T00:00:00Z,2026-09-12T14:15:00Z,2026-10-08T18:41:45Z,general,gdelt_doc,titular_y_metadatos,,,Panama,false,2026-09-12T00:00:00Z
N-b44a36a28755,Panama Now Has 22 Defendants Charged in the Tax Credit Fraud Case at the DGI (General Directorate of Taxation) as Part of the Pandora Case.,https://newsroompanama.com/2026/09/12/panama-now-has-22-defendants-charged-in-the-tax-credit-fraud-case-at-the-dgi-general-directorate-of-taxation-as-part-of-the-pandora-case,newsroompanama.com,en,2026-09-12T00:00:00Z,2026-09-12T14:15:00Z,2026-10-08T18:41:45Z,general,gdelt_doc,titular_y_metadatos,,,Panama,false,2026-09-12T00:00:00Z
N-6698387e0c6d,Panama Supreme Court is Processing Three Lawsuits Against the Agreement that Created the Municipal Police.,https://newsroompanama.com/2026/09/12/panamas-supreme-court-is-processing-three-lawsuits-against-the-agreement-that-created-the-municipal-police,newsroompanama.com,en,2026-09-12T00:00:00Z,2026-09-12T14:15:00Z,2026-10-08T18:41:45Z,general,gdelt_doc,titular_y_metadatos,,,Panama,false,2026-09-12T00:00:00Z
N-4b7b3ab6ca7e,Previsiones principales de semana del 13 al 19 de septiembre de 2026,https://www.prensa-latina.cu/2026/09/12/previsiones-principales-de-semana-del-13-al-19-de-septiembre-de-2026,prensa-latina.cu,es,2026-09-12T00:00:00Z,2026-09-12T14:15:00Z,2026-10-08T18:44:42Z,economia,gdelt_doc,titular_y_metadatos,,,Cuba,false,2026-09-12T00:00:00Z
N-909d87460626,Alza de combustibles aprieta al Gobierno: analistas advierten poco margen fiscal para contener el impacto,https://lahora.gt/lh-economia/esmith/2026/09/12/crisis-por-alza-de-combustibles-analistas-coinciden-en-que-el-margen-fiscal-es-estrecho-y-sugieren-medidas-focalizadas-y-sostenibles-now,lahora.gt,es,2026-09-12T00:00:00Z,2026-09-12T13:30:00Z,2026-10-08T18:44:42Z,economia,gdelt_doc,titular_y_metadatos,,,Guatemala,false,2026-09-12T00:00:00Z
N-e6f0b71b1152,El dilema de Malaca: el temor que aceleró la revolución energética de China | Internacional,https://www.biobiochile.cl/noticias/internacional/asia/2026/09/12/el-dilema-de-malaca-el-temor-que-acelero-la-revolucion-energetica-de-china.shtml,biobiochile.cl,es,2026-09-12T00:00:00Z,2026-09-12T13:15:00Z,2026-10-08T18:44:42Z,economia,gdelt_doc,titular_y_metadatos,,,Chile,false,2026-09-12T00:00:00Z
N-6a30f080cee0,Perú entra al Escudo de las Américas: su impacto contra el crimen en la región y la cautela de Chile | Internacional,https://www.biobiochile.cl/noticias/internacional/america-latina/2026/09/12/peru-entra-al-escudo-de-las-americas-su-impacto-contra-el-crimen-en-la-region-y-la-cautela-de-chile.shtml,biobiochile.cl,es,2026-09-12T00:00:00Z,2026-09-12T13:15:00Z,2026-10-08T18:44:42Z,economia,gdelt_doc,titular_y_metadatos,,,Chile,false,2026-09-12T00:00:00Z
N-60d4c41f1e8d,南加州老兵 退伍不退志 庆九三挺中华民国,https://www.epochtimes.com/gb/26/9/8/n14845231.htm,epochtimes.com,zh,,2026-09-12T12:15:00Z,2026-10-08T18:44:42Z,economia,gdelt_doc,titular_y_metadatos,,,China,false,2026-09-12T12:15:00Z
N-e53e4ec1c19c,Firma de insumos médicos suma laboratorio y agrega personal clave,http://puntobiz.com.ar/economia/firma-de-insumos-medicos-suma-laboratorio-y-agrega-personal-clave--2026912600,puntobiz.com.ar,es,,2026-09-12T12:00:00Z,2026-10-08T18:44:42Z,economia,gdelt_doc,titular_y_metadatos,,,Argentina,false,2026-09-12T12:00:00Z
N-abacdfa35252,Panama Charges 22 in US$40 Million Tax - Credit Fraud,https://www.riotimesonline.com/panama-pandora-tax-credit-fraud-22-charged-2026,riotimesonline.com,en,,2026-09-12T12:00:00Z,2026-10-08T18:44:42Z,economia,gdelt_doc,titular_y_metadatos,,,Brazil,false,2026-09-12T12:00:00Z
N-f534be670480,"Quién es la ingeniera Ilya Espino de Marotta, la primera mujer en dirigir el Canal de Panamá (y por qué suele usar un casco rosa)",https://www.mdzol.com/mundo/quien-es-la-ingeniera-ilya-espino-marotta-la-primera-mujer-dirigir-el-canal-panama-y-que-suele-usar-un-casco-rosa-n1604606,mdzol.com,es,,2026-09-12T11:45:00Z,2026-10-08T18:44:42Z,economia,gdelt_doc,titular_y_metadatos,,,Argentina,false,2026-09-12T11:45:00Z
N-5dd6e6227d59,"Benedicto XVI y Regensburg, « aún no vemos correcciones », Burke y las cosas diabólicas, la geometría variable, el cura del flotador, Gallese destituido, conferencia LGBT, el diálogo con Emma Bonino, León XIII y el colapso, contra el extracti...",https://infovaticana.com/blogs/specola/benedicto-xvi-y-regensburg-aun-no-vemos-correcciones-burke-y-las-cosas-diabolicas-la-geometria-variable-el-cura-del-flotador-gallese-destituido-conferencia-lgbt-el-dialogo-con-emma-bonino,infovaticana.com,es,,2026-09-12T11:30:00Z,2026-10-08T18:44:42Z,economia,gdelt_doc,titular_y_metadatos,,,Spain,false,2026-09-12T11:30:00Z
N-a86266b6c6c3,"Diésel: Perú tiene el combustible más caro en la región, los factores que nos colocan en la cima de la lista | ECONOMIA",https://gestion.pe/economia/diesel-peru-tiene-el-combustible-mas-caro-en-la-region-los-factores-que-nos-colocan-en-la-cima-de-la-lista-noticia,gestion.pe,es,,2026-09-12T11:15:00Z,2026-10-08T18:44:42Z,economia,gdelt_doc,titular_y_metadatos,,,Peru,false,2026-09-12T11:15:00Z
N-c012515267f4,Marruecos y la Rusia de Putin: relaciones cada vez más estrechas,https://www.farodevigo.es/mundo/2026/09/12/marruecos-rusia-putin-relaciones-mas-intensas-crisis-ceuta-134212186.html,farodevigo.es,es,2026-09-12T00:00:00Z,2026-09-12T11:00:00Z,2026-10-08T22:07:31Z,logistica,gdelt_doc,titular_y_metadatos,,,Spain,false,2026-09-12T00:00:00Z
N-8698883c6869,MSC Adjusts Last Alaska Itinerary of the Season - Cruise Industry News,https://cruiseindustrynews.com/cruise-news/2026/09/msc-adjusts-last-alaska-itinerary-of-the-season,cruiseindustrynews.com,en,,2026-09-12T11:00:00Z,2026-10-08T22:07:31Z,logistica,gdelt_doc,titular_y_metadatos,,,United States,false,2026-09-12T11:00:00Z
N-b460504a27c6,Corte Suprema tramita tres demandas contra acuerdo que creó la policía municipal,https://www.prensa.com/judiciales/corte-suprema-tramita-tres-demandas-contra-acuerdo-que-creo-la-policia-municipal,prensa.com,es,,2026-09-12T09:45:00Z,2026-10-08T18:41:45Z,general,gdelt_doc,titular_y_metadatos,,,Panama,false,2026-09-12T09:45:00Z
N-acce83f8c6af,Μεγάλη άνοδος των ναύλων στα ξηρά φορτία – Στο επίκεντρο γεωπολιτικές αναταράξεις και το Ελ Νίνιο,https://www.inewsgr.com/182/megali-anodos-ton-navlon-sta-xira-fortia--sto-epikentro-geopolitikes-anataraxeis-kai-to-el-ninio.htm,inewsgr.com,el,,2026-09-12T09:30:00Z,2026-10-08T18:44:42Z,economia,gdelt_doc,titular_y_metadatos,,,Greece,false,2026-09-12T09:30:00Z
N-9fe9cd9cb58e,The farce of war on terror: How US military - industrial complex systematically bred terrorism after 9 / 11,https://www.presstv.co.uk/Detail/2026/09/12/776127/farce-war-terror-how-us-military-industrial-complex-systemtically-bred-terrorism-after-911,presstv.co.uk,en,2026-09-12T00:00:00Z,2026-09-12T09:30:00Z,2026-10-08T18:44:42Z,economia,gdelt_doc,titular_y_metadatos,,,,false,2026-09-12T00:00:00Z
N-140ce4f65f4a,Ναυτιλία: Οι μεγάλες αποστάσεις απογειώνουν τους ναύλους,https://www.skai.gr/news/shipping/naytilia-oi-megales-apostaseis-apogeionoun-tous-naylous,skai.gr,el,,2026-09-12T09:30:00Z,2026-10-08T18:44:42Z,economia,gdelt_doc,titular_y_metadatos,,,Greece,false,2026-09-12T09:30:00Z
N-54917d99ea74,"На росії бракує пального як москва сідає на голку імпорту, щоб забезпечити окупаційну армію - ГУР | Новости надзвичайны в Харькове, Украине. Весь Харьков",http://allkharkov.ua/news/pro/na-ros-braky-palnogo-iak-moskva-sda-na-golky-mporty-shob-zabezpechiti-okypaciny-armu-gyr.html,allkharkov.ua,ukrainian,,2026-09-12T09:15:00Z,2026-10-08T22:07:31Z,logistica,gdelt_doc,titular_y_metadatos,,,Ukraine,false,2026-09-12T09:15:00Z
N-4e389d222db2,Άλμα στους ναύλους δεξαμενόπλοιων φέρνουν τα μεγάλα ταξίδια - Οι πόλεμοι αυξάνουν το ρίσκο,https://www.newsit.gr/oikonomia/finance/alma-stous-naylous-deksamenoploion-fernoun-ta-megala-taksidia-oi-polemoi-ayksanoun-to-risko/4772373,newsit.gr,el,,2026-09-12T08:15:00Z,2026-10-08T18:44:42Z,economia,gdelt_doc,titular_y_metadatos,,,Greece,false,2026-09-12T08:15:00Z
N-3de4582ff6a4,¿Cómo el complejo militar - industrial de EEUU engendró sistemáticamente el terrorismo después del 11 - S?,https://www.hispantv.com/noticias/opinion/660273/farsa-guerra-contra-terrorismo-complejo-militar-industrial-eeuu-atentados-11-s,hispantv.com,es,,2026-09-12T08:15:00Z,2026-10-08T18:44:42Z,economia,gdelt_doc,titular_y_metadatos,,,Syria,false,2026-09-12T08:15:00Z
N-963543ab9883,El país enfrentó un nuevo escenario tras la caída de Trujillo (1),https://www.elcaribe.com.do/gente/cultura/zona-retro/el-pais-enfrento-un-nuevo-escenario-tras-la-caida-de-trujillo-1,elcaribe.com.do,es,,2026-09-12T08:00:00Z,2026-10-08T22:07:31Z,logistica,gdelt_doc,titular_y_metadatos,,,Dominican Republic,false,2026-09-12T08:00:00Z
N-32bfd135d126,Στα ύψη οι ναύλοι στα ξηρά φορτία – Οι γεωπολιτικές αναταράξεις και ο καιρός,https://www.sofokleousin.gr/epikairotita/diethni/sta-ypsi-oi-nayloi-sta-ksira-fortia-oi-geopolitikes-anatarakseis-,sofokleousin.gr,el,,2026-09-12T08:00:00Z,2026-10-08T18:44:42Z,economia,gdelt_doc,titular_y_metadatos,,,Greece,false,2026-09-12T08:00:00Z
N-95b5bc6945da,Erasmo González Robledo rinde Segundo Informe de Gobierno,https://horacero.com.mx/tamaulipas/erasmo-gonzalez-robledo-rinde-segundo-informe,horacero.com.mx,es,,2026-09-12T07:15:00Z,2026-10-08T18:44:42Z,economia,gdelt_doc,titular_y_metadatos,,,Mexico,false,2026-09-12T07:15:00Z
N-faeeef9f5036,Fortalece Mara Lezama alianza con Brasil para recuperar el turismo brasileño y ampliar conectividad aérea con Cancún,https://noticaribe.com.mx/2026/09/11/fortalece-mara-lezama-alianza-con-brasil-para-recuperar-el-turismo-brasileno-y-ampliar-conectividad-aerea-con-cancun,noticaribe.com.mx,es,2026-09-11T00:00:00Z,2026-09-12T07:00:00Z,2026-10-08T18:44:42Z,economia,gdelt_doc,titular_y_metadatos,,,Mexico,false,2026-09-11T00:00:00Z
N-b97816d1604e,"Απογειώνουν τους ναύλους στα ξηρά φορτία οι μεγάλες αποστάσεις, στο επίκεντρο γεωπολιτικές αναταράξεις και καιρικές διαταραχές",https://www.protothema.gr/economy/article/1877596/apogeionoun-tous-naulous-sta-xira-fortia-oi-megales-apostaseis-sto-epikedro-geopolitikes-anataraxeis,protothema.gr,el,,2026-09-12T07:00:00Z,2026-10-08T18:44:42Z,economia,gdelt_doc,titular_y_metadatos,,,Greece,false,2026-09-12T07:00:00Z
N-e6e54e5a0512,Detectan presunta tala ilegal y decomisan 12 piezas de madera en La Amistad,https://www.critica.com.pa/sucesos/detectan-presunta-tala-ilegal-y-decomisan-12-piezas-de-madera-en-la-amistad-516255,critica.com.pa,es,,2026-09-12T06:30:00Z,2026-10-08T18:41:45Z,general,gdelt_doc,titular_y_metadatos,,,Panama,false,2026-09-12T06:30:00Z
N-ba452274775b,Hospitales de Chiriquí son verificados luego de movimiento sísmico,https://www.critica.com.pa/nacional/hospitales-de-chiriqui-son-verificados-luego-de-movimiento-sismico-516254,critica.com.pa,es,,2026-09-12T06:30:00Z,2026-10-08T18:41:45Z,general,gdelt_doc,titular_y_metadatos,,,Panama,false,2026-09-12T06:30:00Z
N-b283bd36da4e,CAF coloca $500 millones en Panamá para impulsar el agro y las pymes,https://www.laestrella.com.pa/economia/caf-coloca-500-millones-en-panama-para-impulsar-el-agro-y-las-pymes-EA25617344,laestrella.com.pa,es,,2026-09-12T06:30:00Z,2026-10-08T18:41:45Z,general,gdelt_doc,titular_y_metadatos,,,Panama,false,2026-09-12T06:30:00Z
N-b1a3f3391951,"ONG fantasma e instigación al vandalismo, los señalamientos sobre los policías encubiertos",https://www.laestrella.com.pa/panama/nacional/ong-fantasmas-e-instigacion-al-vandalismo-los-senalamientos-sobre-los-policias-encubiertos-HD25623051,laestrella.com.pa,es,,2026-09-12T06:30:00Z,2026-10-08T18:41:45Z,general,gdelt_doc,titular_y_metadatos,,,Panama,false,2026-09-12T06:30:00Z
N-99b4e505adb7,"ONG fantasma e instigación al vandalismo, los señalamientos sobre los policías encubiertos",https://www.laestrella.com.pa/panama/nacional/ong-fantasmas-e-instigacion-al-vandalismo-los-senalamientos-sobre-los-policias-encubiertos-BA25618081,laestrella.com.pa,es,,2026-09-12T06:30:00Z,2026-10-08T18:41:45Z,general,gdelt_doc,titular_y_metadatos,,,Panama,false,2026-09-12T06:30:00Z
N-98a0c8afd03e,Panamá bids farewell to legendary world champion ¨El Tigre¨ Laguna · PhilBoxing. com,http://philboxing.com/story-177692,philboxing.com,en,,2026-09-12T06:30:00Z,2026-10-08T22:07:31Z,logistica,gdelt_doc,titular_y_metadatos,,,United States,false,2026-09-12T06:30:00Z
N-84203e35b344,Ante la tumba de Justo Arosemena,https://www.laestrella.com.pa/vida-y-cultura/ante-la-tumba-de-justo-arosemena-HA25615772,laestrella.com.pa,es,,2026-09-12T06:30:00Z,2026-10-08T18:41:45Z,general,gdelt_doc,titular_y_metadatos,,,Panama,false,2026-09-12T06:30:00Z
N-7e5b2f34119d,Sismo de magnitud 5. 4 sacude la frontera entre Panamá y Costa Rica,https://www.critica.com.pa/nacional/sismo-de-magnitud-54-sacude-la-frontera-entre-panama-y-costa-rica-516253,critica.com.pa,es,,2026-09-12T06:30:00Z,2026-10-08T18:41:45Z,general,gdelt_doc,titular_y_metadatos,,,Panama,false,2026-09-12T06:30:00Z
N-75d30d184a8e,Vacaciones escolares: el descanso que protege la salud mental de los niños,https://www.laestrella.com.pa/panama/nacional/vacaciones-escolares-el-descanso-que-protege-la-salud-mental-de-los-ninos-EA25615661,laestrella.com.pa,es,,2026-09-12T06:30:00Z,2026-10-08T18:41:45Z,general,gdelt_doc,titular_y_metadatos,,,Panama,false,2026-09-12T06:30:00Z
N-649aebe20374,Απογειώνουν τους ναύλους στα ξηρά φορτία οι μεγάλες αποστάσεις – Γεωπολιτικές αναταράξεις και καιρικές διαταραχές,https://bankwars.gr/%CE%B1%CF%80%CE%BF%CE%B3%CE%B5%CE%B9%CF%8E%CE%BD%CE%BF%CF%85%CE%BD-%CF%84%CE%BF%CF%85%CF%82-%CE%BD%CE%B1%CF%8D%CE%BB%CE%BF%CF%85%CF%82-%CF%83%CF%84%CE%B1-%CE%BE%CE%B7%CF%81%CE%AC-%CF%86%CE%BF%CF%81,bankwars.gr,el,,2026-09-12T06:30:00Z,2026-10-08T18:44:42Z,economia,gdelt_doc,titular_y_metadatos,,,Greece,false,2026-09-12T06:30:00Z
N-518a4629c2e6,Tocumen prepara arbitraje contra Odebrecht por ruina en la Terminal 2,https://www.laestrella.com.pa/panama/nacional/tocumen-prepara-arbitraje-contra-odebrecht-por-ruinas-en-la-terminal-2-EA25618059,laestrella.com.pa,es,,2026-09-12T06:30:00Z,2026-10-08T18:41:45Z,general,gdelt_doc,titular_y_metadatos,,,Panama,false,2026-09-12T06:30:00Z
N-4c5955fa622d,Acuerdo que prohíbe cobro de comisiones y recargos bancarios ya es oficial,https://www.laestrella.com.pa/economia/acuerdo-que-prohibe-cobro-de-comisiones-y-recargos-bancarios-ya-es-oficial-CA25617410,laestrella.com.pa,es,,2026-09-12T06:30:00Z,2026-10-08T18:41:45Z,general,gdelt_doc,titular_y_metadatos,,,Panama,false,2026-09-12T06:30:00Z
N-47f8ee7205c7,Vacaciones escolares: el descanso que protege la salud mental de los niños,https://www.laestrella.com.pa/vida-y-cultura/familia/vacaciones-escolares-el-descanso-que-protege-la-salud-mental-de-los-ninos-BA25618696,laestrella.com.pa,es,,2026-09-12T06:30:00Z,2026-10-08T18:41:45Z,general,gdelt_doc,titular_y_metadatos,,,Panama,false,2026-09-12T06:30:00Z
N-4398b858929f,"Chichero, la apuesta de Panamá para los Óscar y los Goya",https://www.laestrella.com.pa/vida-y-cultura/cine/chichero-la-apuesta-de-panama-para-los-oscar-y-los-goya-EA25616983,laestrella.com.pa,es,,2026-09-12T06:30:00Z,2026-10-08T18:41:45Z,general,gdelt_doc,titular_y_metadatos,,,Panama,false,2026-09-12T06:30:00Z
N-bc889afe7598,"Hapag - Lloyd: „ Wenn man zehn, 15 Jahre nach vorn schaut, kann Kernenergie als Antrieb eine echte Alternative sein",https://www.welt.de/regionales/hamburg/article6a9e9e21721eb476650a2762/hapag-lloyd-wenn-man-zehn-15-jahre-nach-vorn-schaut-kann-kernenergie-als-antrieb-eine-echte-alternative-sein.html,welt.de,de,,2026-09-12T06:15:00Z,2026-10-08T22:07:31Z,logistica,gdelt_doc,titular_y_metadatos,,,Germany,false,2026-09-12T06:15:00Z
N-b3ce5526d5f6,"Rubio y de la Espriella, una gran oportunidad",https://www.semana.com/opinion/articulo/rubio-y-de-la-espriella-una-gran-oportunidad/202651,semana.com,es,,2026-09-12T06:00:00Z,2026-10-08T18:44:42Z,economia,gdelt_doc,titular_y_metadatos,,,Colombia,false,2026-09-12T06:00:00Z
N-2b94ad11b7db,Cómo alienta Trump el revisionismo territorial,https://listindiario.com/puntos-de-vista/20260912/como-alienta-trump-revisionismo-territorial_921839.html,listindiario.com,es,,2026-09-12T06:00:00Z,2026-10-08T22:07:31Z,logistica,gdelt_doc,titular_y_metadatos,,,United States,false,2026-09-12T06:00:00Z
N-f514186a7ea1,"In 1900, Chicago engineers reversed the flow of an entire river to push the city sewage away from Lake Michigan and down toward the Mississippi St. Louis raced to the Supreme Court to stop it and lost, and the Chicago River still runs backward 126...",https://scienceblog.com/b-in-1900-chicago-engineers-reversed-the-flow-of-an-entire-river-to-push-the-citys-sewage-away-from-lake-michigan-and-down-toward-the-mississippi-st-louis-raced-to-the-supreme-court-to-stop-it-and-los,scienceblog.com,en,,2026-09-12T05:45:00Z,2026-10-08T22:07:31Z,logistica,gdelt_doc,titular_y_metadatos,,,United States,false,2026-09-12T05:45:00Z
N-730c419f4cf2,El derecho de paso en el Canal de Panamá: ¿la ley del más fuerte?,https://www.ambito.com/opiniones/el-derecho-paso-el-canal-panama-la-ley-del-mas-fuerte-n6321399,ambito.com,es,,2026-09-12T05:45:00Z,2026-10-08T22:07:31Z,logistica,gdelt_doc,titular_y_metadatos,,,Argentina,false,2026-09-12T05:45:00Z
N-7b5560141fe6,Expertos analizan iniciativas para modificar el mercado energético,https://www.telemetro.com/nacionales/expertos-analizan-iniciativas-modificar-el-mercado-energetico-n6091548,telemetro.com,es,,2026-09-12T05:30:00Z,2026-10-08T18:41:45Z,general,gdelt_doc,titular_y_metadatos,,,Panama,false,2026-09-12T05:30:00Z
N-f9281e1a12bd,575 People from Río Indio and Surrounding Areas Receive Property Titles from the Panama Canal Authority.,https://newsroompanama.com/2026/09/11/575-people-from-rio-indio-and-surrounding-areas-receive-property-titles-from-the-panama-canal-authority,newsroompanama.com,en,2026-09-11T00:00:00Z,2026-09-12T05:00:00Z,2026-10-08T18:41:45Z,general,gdelt_doc,titular_y_metadatos,,,Panama,false,2026-09-11T00:00:00Z
N-f689bb13cda8,A Request for Asylum in Panama. A 21 - Year - Old Colombian Man Surrenders to Authorities in the Darién.,https://newsroompanama.com/2026/09/11/a-request-for-asylum-in-panama-a-21-year-old-colombian-man-surrenders-to-authorities-in-the-darien,newsroompanama.com,en,2026-09-11T00:00:00Z,2026-09-12T05:00:00Z,2026-10-08T18:41:45Z,general,gdelt_doc,titular_y_metadatos,,,Panama,false,2026-09-11T00:00:00Z
N-d71e798a0511,Imitación y despojo lesionan a pueblos indígenas latinoamericanos,https://confirmado.net/imitacion-y-despojo-lesionan-a-pueblos-indigenas-latinoamericanos,confirmado.net,es,,2026-09-12T05:00:00Z,2026-10-08T18:44:42Z,economia,gdelt_doc,titular_y_metadatos,,,Ecuador,false,2026-09-12T05:00:00Z
N-dbff424687fd,Hoy Tamaulipas - Tamaulipas Erasmo Gonzalez Robledo rinde su Segundo Informe de Gobierno,https://hoytamaulipas.net/notas/626948/Erasmo-Gonzalez-Robledo-rinde-su-Segundo-Informe-de-Gobierno.html,hoytamaulipas.net,es,,2026-09-12T04:30:00Z,2026-10-08T18:44:42Z,economia,gdelt_doc,titular_y_metadatos,,,Mexico,false,2026-09-12T04:30:00Z
N-7b7cb4bf6e6b,What on your fantasy bucket list? What on your realizable bucket …,https://www.fluther.com/242005/whats-on-your-fantasy-bucket-list-whats-on-your-realizable-bucket,fluther.com,en,,2026-09-12T04:30:00Z,2026-10-08T22:07:31Z,logistica,gdelt_doc,titular_y_metadatos,,,United States,false,2026-09-12T04:30:00Z
N-6a6bb6116df4,"Santiago Tejedor: No necesitamos operadores tecnológicos, necesitamos periodistas",https://www.lanacion.com.ar/economia/negocios/santiago-tejedor-no-necesitamos-operadores-tecnologicos-necesitamos-periodistas-nid12092026,lanacion.com.ar,es,,2026-09-12T04:30:00Z,2026-10-08T18:44:42Z,economia,gdelt_doc,titular_y_metadatos,,,Argentina,false,2026-09-12T04:30:00Z
N-43fa57923119,Hija de una víctima del 9 / 11 realiza primer lanzamiento en Yankee Stadium – Telemundo New York (47),https://www.telemundo47.com/noticias/local/hija-victima-del-9-11-realiza-primer-lanzamiento-partido-mets-yankees/2654499,telemundo47.com,es,,2026-09-12T04:15:00Z,2026-10-08T22:07:31Z,logistica,gdelt_doc,titular_y_metadatos,,,United States,false,2026-09-12T04:15:00Z
N-ff3688018c33,Panamá define su convocatoria Sub - 17 para la gira en España,https://www.midiario.com/deportivas/panama-define-su-convocatoria-sub-17-para-la-gira-en-espana,midiario.com,es,,2026-09-12T03:30:00Z,2026-10-08T18:41:45Z,general,gdelt_doc,titular_y_metadatos,,,Panama,false,2026-09-12T03:30:00Z
N-3fc0b8f58f07,Édgar Yoel Bárcenas pasa por el quirófano por lesión de rodilla,https://www.midiario.com/deportivas/edgar-yoel-barcenas-pasa-por-el-quirofano-por-lesion-de-rodilla,midiario.com,es,,2026-09-12T03:30:00Z,2026-10-08T18:41:45Z,general,gdelt_doc,titular_y_metadatos,,,Panama,false,2026-09-12T03:30:00Z
N-2017f1b96d8a,Miembro de red de sicarios buscado en Colombia estuvo preso en Panamá bajo un nombre falso,https://www.diaadia.com.pa/el-pais/miembro-de-red-de-sicarios-buscado-en-colombia-estuvo-preso-en-panama-bajo-un-nombre-falso,diaadia.com.pa,es,,2026-09-12T03:30:00Z,2026-10-08T18:41:45Z,general,gdelt_doc,titular_y_metadatos,,,Panama,false,2026-09-12T03:30:00Z
N-1433c6cc7cd2,"¡Ay, esos tacos! Frank admite que extraña a María del Pilar cuando cocina su comida favorita",https://www.midiario.com/farandula/ay-esos-tacos-frank-admite-que-extrana-a-maria-del-pilar-cuando-cocina-su-comida-favorita,midiario.com,es,,2026-09-12T03:30:00Z,2026-10-08T18:41:45Z,general,gdelt_doc,titular_y_metadatos,,,Panama,false,2026-09-12T03:30:00Z
N-f1d0c4dfb95a,Proponen reasignar a menores en un plazo máximo de 15 días tras adopciones fallidas,https://www.panamaamerica.com.pa/sociedad/proponen-reasignar-menores-en-un-plazo-maximo-de-15-dias-tras-adopciones-fallidas-1266257,panamaamerica.com.pa,es,,2026-09-12T03:00:00Z,2026-10-08T18:41:45Z,general,gdelt_doc,titular_y_metadatos,,,Panama,false,2026-09-12T03:00:00Z
N-c13ce0c9ef35,Watching a Technocratic Coup in Real Time,https://newswithviews.com/watching-a-technocratic-coup-in-real-time,newswithviews.com,en,,2026-09-12T03:00:00Z,2026-10-08T18:44:42Z,economia,gdelt_doc,titular_y_metadatos,,,United States,false,2026-09-12T03:00:00Z
N-7b739feeade0,Panamá: policía admite agentes encubiertos en organizaciones sociales,https://www.telesurtv.net/panama-policia-infiltro-organizaciones,telesurtv.net,es,,2026-09-12T02:15:00Z,2026-10-08T22:07:31Z,logistica,gdelt_doc,titular_y_metadatos,,,United States,false,2026-09-12T02:15:00Z
N-f3cb4958d2f4,China builds VLGC that is compatible with both Panama Canal locks,http://usa.chinadaily.com.cn/a/202609/11/WS6aa3acb1e4b06d4aa055d981.html,usa.chinadaily.com.cn,en,,2026-09-12T02:00:00Z,2026-10-08T22:07:31Z,logistica,gdelt_doc,titular_y_metadatos,,,China,false,2026-09-12T02:00:00Z
N-a370fa402fd9,"Geopolítica, declaraciones, construcción de percepciones y de conciencia (I)",https://www.diarioelcentro.cl/2026/09/11/geopolitica-declaraciones-construccion-de-percepciones-y-de-conciencia-i,diarioelcentro.cl,es,2026-09-11T00:00:00Z,2026-09-12T02:00:00Z,2026-10-08T18:44:42Z,economia,gdelt_doc,titular_y_metadatos,,,Chile,false,2026-09-11T00:00:00Z
N-0cc21beb95d5,"¡Jefa, jefa, jefa!: quién es Ilya Espino de Marotta, la ingeniera de casco rosa que al frente del Canal de Panamá supervisa parte del comercio mundial | Sociedad | La Revista",https://www.eluniverso.com/larevista/sociedad/jefa-jefa-jefa-quien-es-ilya-espino-de-marotta-la-ingeniera-de-casco-rosa-que-al-frente-del-canal-de-panama-supervisa-parte-del-comercio-mundial-nota,eluniverso.com,es,,2026-09-12T02:00:00Z,2026-10-08T18:44:42Z,economia,gdelt_doc,titular_y_metadatos,,,Ecuador,false,2026-09-12T02:00:00Z
N-a1e2f2356dcb,"Rekor Pelayaran Kapal Pesiar Terlama, 371 Hari Lintasi 62 Negara",https://www.cnnindonesia.com/gaya-hidup/20260911094425-269-1402671/rekor-pelayaran-kapal-pesiar-terlama-371-hari-lintasi-62-negara,cnnindonesia.com,indonesian,,2026-09-12T01:45:00Z,2026-10-08T22:07:31Z,logistica,gdelt_doc,titular_y_metadatos,,,Indonesia,false,2026-09-12T01:45:00Z
N-ce6df47b9608,Los Santos y Panamá Oeste jugarán la final del béisbol sub - 10,https://www.laestrella.com.pa/deportes/beisbol/los-santos-y-panama-oeste-jugaran-la-final-del-beisbol-sub-10-GA25615399,laestrella.com.pa,es,,2026-09-12T01:30:00Z,2026-10-08T18:41:45Z,general,gdelt_doc,titular_y_metadatos,,,Panama,false,2026-09-12T01:30:00Z
N-f54fdb9accd0,BANISTMO mira hacia Centroamérica: la estrategia de Sentmat de Grimaldo para su nueva etapa,https://www.revistaeyn.com/empresasymanagement/banistmo-mira-hacia-centroamerica-la-estrategia-de-sentmat-de-grimaldo-para-su-nueva-etapa-FA32010115,revistaeyn.com,es,,2026-09-12T01:15:00Z,2026-10-08T18:44:42Z,economia,gdelt_doc,titular_y_metadatos,,,,false,2026-09-12T01:15:00Z
N-b5065d483a4f,Employment - Mining - Economic Growth in Panama. Stanley Motta Message.,https://newsroompanama.com/2026/09/11/employment-mining-economic-growth-in-panama-stanley-mottas-message,newsroompanama.com,en,2026-09-11T00:00:00Z,2026-09-12T00:15:00Z,2026-10-08T18:41:45Z,general,gdelt_doc,titular_y_metadatos,,,Panama,false,2026-09-11T00:00:00Z
N-f6be10344a57,"ICE arrest near City College; Impact of 9 / 11 on military, border operations, Islamophobia",https://www.kpbs.org/podcasts/kpbs-roundtable/ice-arrest-near-city-college-impact-of-9-11-on-military-border-operations-islamophobia,kpbs.org,en,,2026-09-11T23:45:00Z,2026-10-08T22:07:31Z,logistica,gdelt_doc,titular_y_metadatos,,,United States,false,2026-09-11T23:45:00Z
N-ad5299e55159,Qué beneficio gratis tienen colombianos en viaje a Panamá desde septiembre 2026,https://www.pulzo.com/vivir-bien/viajes-y-turismo/que-beneficio-gratis-tienen-colombianos-viaje-panama-desde-septiembre-2026-PP5300061,pulzo.com,es,,2026-09-11T23:45:00Z,2026-10-08T18:44:42Z,economia,gdelt_doc,titular_y_metadatos,,,Colombia,false,2026-09-11T23:45:00Z
N-e93a1cd82fcd,Cursos de Cooperasur. org. – Ministerio de Relaciones exteriores,https://mire.gob.pa/cursos-de-cooperasur-org,mire.gob.pa,es,,2026-09-11T23:15:00Z,2026-10-08T18:41:45Z,general,gdelt_doc,titular_y_metadatos,,,Panama,false,2026-09-11T23:15:00Z
N-e6249e88386f,"Panamá aspira convertirse en una plataforma de Brasil hacia Centroamérica, el Caribe y otros mercados, afirma canciller Martínez - Acha Vásquez – Ministerio de Relaciones exteriores",https://mire.gob.pa/panama-aspira-convertirse-en-una-plataforma-de-brasil-hacia-centroamerica-el-caribe-y-otros-mercados-afirma-canciller-martinez-acha-vasquez,mire.gob.pa,es,,2026-09-11T23:15:00Z,2026-10-08T18:41:45Z,general,gdelt_doc,titular_y_metadatos,,,Panama,false,2026-09-11T23:15:00Z
N-b101044fd8b4,Anne Loraine eliminó las publicaciones de su lío y aclara lo que pasó,https://www.critica.com.pa/show/anne-loraine-elimino-las-publicaciones-de-su-lio-y-aclara-lo-que-paso-516234,critica.com.pa,es,,2026-09-11T23:15:00Z,2026-10-08T18:41:45Z,general,gdelt_doc,titular_y_metadatos,,,Panama,false,2026-09-11T23:15:00Z
N-aa2927006e35,Cómo evitar que se pierdan miles de millones en obras trabadas y arbitrajes,https://jcmagazine.com/como-evitar-que-se-pierdan-miles-de-millones-en-obras-trabadas-y-arbitrajes,jcmagazine.com,es,,2026-09-11T23:15:00Z,2026-10-08T22:07:31Z,logistica,gdelt_doc,titular_y_metadatos,,,Peru,false,2026-09-11T23:15:00Z
N-e467f34b3d59,Silvio Rodríguez: « Cuba es una Gaza silenciosa. Hoy más que nunca necesitamos que nos visiten »,https://www.elcorreo.com/culturas/musica/silvio-rodriguez-cuba-gaza-silenciosa-hoy-nunca-20260911004020-nt.html,elcorreo.com,es,,2026-09-11T23:00:00Z,2026-10-08T18:44:42Z,economia,gdelt_doc,titular_y_metadatos,,,Spain,false,2026-09-11T23:00:00Z
N-e3dbf6bac3e5,El ídolo de ídolo recibe su último homenaje: Panamá despide a Ismael Laguna,https://www.midiario.com/deportivas/el-idolo-de-idolos-recibe-su-ultimo-homenaje-panama-despide-a-ismael-laguna,midiario.com,es,,2026-09-11T22:45:00Z,2026-10-08T22:07:31Z,logistica,gdelt_doc,titular_y_metadatos,,,Panama,false,2026-09-11T22:45:00Z
N-be682f6ee6ec,El ministro de Comercio de Francia visita el lunes Panamá con su Canal como prioridad,https://www.diaadia.com.pa/el-pais/el-ministro-de-comercio-de-francia-visita-el-lunes-panama-con-su-canal-como-prioridad,diaadia.com.pa,es,,2026-09-11T22:45:00Z,2026-10-08T18:44:42Z,economia,gdelt_doc,titular_y_metadatos,,,Panama,false,2026-09-11T22:45:00Z
N-acce918241f7,Suky Yard reacciona tras muerte de niño de 10 años en Pedasí: ¿Cómo un niño de esta edad toma esta decisión?,https://www.midiario.com/nacionales/suky-yard-reacciona-tras-muerte-de-nino-de-10-anos-en-pedasi-como-un-nino-de-esta-edad-toma-esta-decision,midiario.com,es,,2026-09-11T22:45:00Z,2026-10-08T22:07:31Z,logistica,gdelt_doc,titular_y_metadatos,,,Panama,false,2026-09-11T22:45:00Z
N-4aa9d3d6f123,A man fights for a new life in Cuba after the US expels him,https://www.wesh.com/article/man-new-life-cuba-us-expels-florida-immigration-crackdown/73687612,wesh.com,en,,2026-09-11T22:45:00Z,2026-10-08T18:44:42Z,economia,gdelt_doc,titular_y_metadatos,,,United States,false,2026-09-11T22:45:00Z
N-1588fb434f75,"Empleo 2. 0 ya tiene casi 18 mil inscritos y más de 8 mil vacantes: fechas, empresas y cómo registrarse",https://www.midiario.com/nacionales/empleo-20-ya-tiene-casi-18-mil-inscritos-y-mas-de-8-mil-vacantes-fechas-empresas-y-como-registrarse,midiario.com,es,,2026-09-11T22:45:00Z,2026-10-08T18:44:42Z,economia,gdelt_doc,titular_y_metadatos,,,Panama,false,2026-09-11T22:45:00Z
N-07c969fee7b4,Trump llenará bodegas y supermercados venezolanos con productos de EEUU,https://panampost.com/jose-gregorio-martinez/2026/09/11/trump-llenara-bodegas-y-supermercados-venezolanos-con-productos-de-eeuu,panampost.com,es,2026-09-11T00:00:00Z,2026-09-11T22:45:00Z,2026-10-08T18:44:42Z,economia,gdelt_doc,titular_y_metadatos,,,Venezuela,false,2026-09-11T00:00:00Z
N-048dd22b96f6,CAF concede préstamo de 500 millones de dólares a banco de Panamá para el sector agrícola,https://www.diaadia.com.pa/el-pais/caf-concede-prestamo-de-500-millones-de-dolares-banco-de-panama-para-el-sector-agricola,diaadia.com.pa,es,,2026-09-11T22:45:00Z,2026-10-08T18:44:42Z,economia,gdelt_doc,titular_y_metadatos,,,Panama,false,2026-09-11T22:45:00Z
N-9d1b7207b1a0,Super El Niño expected to hit Washington this winter,https://www.fox13seattle.com/news/super-el-nino-washington,fox13seattle.com,en,,2026-09-11T22:30:00Z,2026-10-08T22:07:31Z,logistica,gdelt_doc,titular_y_metadatos,,,,false,2026-09-11T22:30:00Z
N-d0aa2d86541e,Venezolanos en México: las mejores oportunidades para los migrantes en este 2026,https://bitlysdowssl-aws.com/2026/09/venezolanos-en-mexico-las-mejores-oportunidades-para-los-migrantes-en-este-2026,bitlysdowssl-aws.com,es,,2026-09-11T21:30:00Z,2026-10-08T22:07:31Z,logistica,gdelt_doc,titular_y_metadatos,,,,false,2026-09-11T21:30:00Z
